order_id,order_date,customer_id,customer_name,country,region,product_id,product_name,category,quantity,unit_price,discount,revenue,shipping_cost,payment_method,acquisition_channel,rating,return_status
SHP-5001,2023-11-07,CUST-1059,Henry Harris,United States,North America,PROD-202,Merino Wool Everyday Crewneck,Apparel & Fashion,3,98.0,0.0,294.0,0.0,Shopify Pay,Organic Search,4,Completed
SHP-5002,2024-01-02,CUST-1102,Liam Garcia,United States,North America,PROD-103,Apex Ultra-Slim 4K Webcam,Electronics,1,89.0,0.15,75.65,4.99,PayPal,Organic Search,4,Completed
SHP-5003,2023-10-17,CUST-1022,Lucas Williams,Germany,Europe,PROD-303,Japanese Chef Damascus Knife 8-in,Home & Kitchen,1,115.0,0.1,103.5,0.0,PayPal,Organic Search,2,Returned
SHP-5004,2023-08-10,CUST-1186,Lucas Perez,United States,North America,PROD-401,Hydrating Botanical Face Serum,Beauty & Personal Care,2,38.0,0.0,76.0,9.99,PayPal,Facebook / Instagram,5,Completed
SHP-5005,2023-08-27,CUST-1224,Evelyn Williams,United Kingdom,Europe,PROD-502,Adjustable Quick-Lock Dumbbells,Fitness & Outdoors,1,199.0,0.15,169.15,0.0,Shopify Pay,Direct,4,Completed
SHP-5006,2023-11-09,CUST-1173,Isabella Garcia,Canada,North America,PROD-101,Aura Noise-Canceling Headphones,Electronics,1,179.99,0.0,179.99,0.0,Credit Card,Facebook / Instagram,5,Completed
SHP-5007,2024-03-26,CUST-1142,Ava Lee,France,Europe,PROD-501,High-Density Non-Slip Yoga Mat,Fitness & Outdoors,1,55.0,0.2,44.0,4.99,Credit Card,Google Ads,4,Completed
SHP-5008,2023-12-31,CUST-1009,Elijah Anderson,Canada,North America,PROD-103,Apex Ultra-Slim 4K Webcam,Electronics,1,89.0,0.0,89.0,4.99,Credit Card,Google Ads,4,Completed
SHP-5009,2024-01-17,CUST-1170,Ella Taylor,United States,North America,PROD-303,Japanese Chef Damascus Knife 8-in,Home & Kitchen,2,115.0,0.0,230.0,0.0,Shopify Pay,Google Ads,5,Completed
SHP-5010,2024-01-26,CUST-1095,Joseph Williams,United States,North America,PROD-203,Tailored Technical Chino Pants,Apparel & Fashion,1,85.0,0.05,80.75,9.99,PayPal,Facebook / Instagram,5,Completed
SHP-5011,2023-06-01,CUST-1117,Olivia Wilson,United Kingdom,Europe,PROD-303,Japanese Chef Damascus Knife 8-in,Home & Kitchen,1,115.0,0.0,115.0,0.0,Shopify Pay,Facebook / Instagram,5,Completed
SHP-5012,2023-03-06,CUST-1252,Zoe Williams,United States,North America,PROD-104,Pulse Smart Fitness Band,Electronics,2,69.99,0.05,132.98,0.0,Credit Card,Facebook / Instagram,,Completed
SHP-5013,2024-03-17,CUST-1245,Harper Jackson,Canada,North America,PROD-104,Pulse Smart Fitness Band,Electronics,2,69.99,0.0,139.98,0.0,PayPal,Organic Search,2,Returned
SHP-5014,2023-06-05,CUST-1044,Chloe Johnson,Germany,Europe,PROD-204,Minimalist Leather City Tote,Apparel & Fashion,1,145.0,0.1,130.5,0.0,Apple Pay,Facebook / Instagram,4,Completed
SHP-5015,2023-08-15,CUST-1153,Henry Harris,Canada,North America,PROD-502,Adjustable Quick-Lock Dumbbells,Fitness & Outdoors,4,199.0,0.0,796.0,0.0,PayPal,Facebook / Instagram,4,Completed
SHP-5016,2023-04-19,CUST-1136,  Sophia Thompson ,United States,North America,PROD-103,Apex Ultra-Slim 4K Webcam,Electronics,1,89.0,0.0,89.0,4.99,Credit Card,Organic Search,3,Completed
SHP-5017,2023-05-28,CUST-1145,Noah Williams,Australia,Asia-Pacific,PROD-401,Hydrating Botanical Face Serum,Beauty & Personal Care,1,38.0,0.0,38.0,7.99,PayPal,Email Campaign,4,Completed
SHP-5018,2023-10-06,CUST-1116,Charlotte Martin,United States,North America,PROD-201,Eco-Weave Oversized Cotton Hoodie,Apparel & Fashion,3,74.0,0.15,188.7,0.0,Shopify Pay,Organic Search,5,Completed
SHP-5019,2023-05-28,CUST-1225,Elijah Rodriguez,United States,North America,PROD-104,Pulse Smart Fitness Band,Electronics,1,69.99,0.0,69.99,7.99,Credit Card,TikTok Influencer,3,Completed
SHP-5020,2023-08-10,CUST-1166,Zoe Sanchez,Australia,Asia-Pacific,PROD-503,Waterproof Trail Running Pack,Fitness & Outdoors,1,78.0,0.0,78.0,9.99,Credit Card,Direct,5,Completed
SHP-5021,2023-05-18,CUST-1021,Liam Perez,United States,North America,PROD-202,Merino Wool Everyday Crewneck,Apparel & Fashion,1,98.0,0.1,88.2,7.99,Credit Card,Organic Search,3,Completed
SHP-5022,2023-06-28,CUST-1210,Alexander Davis,United States,North America,PROD-302,Stainless Insulated Thermal Bottle,Home & Kitchen,1,34.0,0.0,34.0,4.99,PayPal,Google Ads,5,Completed
SHP-5023,2023-10-09,CUST-1019,William Lewis,Germany,Europe,PROD-401,Hydrating Botanical Face Serum,Beauty & Personal Care,1,38.0,0.0,38.0,4.99,Credit Card,TikTok Influencer,5,Completed
SHP-5024,2023-10-05,CUST-1237,Alexander Moore,United Kingdom,Europe,PROD-305,Aromatherapy Ultrasonic Diffuser,Home & Kitchen,1,48.0,0.05,45.6,9.99,PayPal,Email Campaign,5,Completed
SHP-5025,2023-05-28,CUST-1225,Elijah Rodriguez,United States,North America,PROD-402,Vitamin C Brightening Moisturizer,Beauty & Personal Care,1,44.0,0.25,33.0,9.99,PayPal,Email Campaign,,Completed
SHP-5026,2023-07-28,CUST-1048,Evelyn Taylor,United States,North America,PROD-204,Minimalist Leather City Tote   ,Apparel & Fashion,4,145.0,0.2,464.0,0.0,Shopify Pay,Facebook / Instagram,5,Completed
SHP-5027,2023-09-18,CUST-1140,Ella Wilson,Germany,Europe,PROD-305,Aromatherapy Ultrasonic Diffuser,Home & Kitchen,2,48.0,0.25,72.0,4.99,Shopify Pay,Google Ads,5,Completed
SHP-5028,2023-03-11,CUST-1036,Hannah Thompson,United States,North America,PROD-205,Polarized Acetate Sunglasses,Apparel & Fashion,2,62.0,0.15,105.4,0.0,Apple Pay,Google Ads,,Completed
SHP-5029,2024-01-07,CUST-1153,Henry Harris,Canada,North America,PROD-502,Adjustable Quick-Lock Dumbbells,Fitness & Outdoors,1,199.0,0.1,179.1,0.0,Credit Card,Direct,5,Completed
SHP-5030,2023-07-13,CUST-1234,Charlotte Gonzalez,United States,North America,PROD-302,Stainless Insulated Thermal Bottle,Home & Kitchen,2,34.0,0.25,51.0,4.99,Shopify Pay,Facebook / Instagram,,Completed
SHP-5031,2024-01-17,CUST-1243,Evelyn Robinson,United States,North America,PROD-304,French Flax Linen Bedding Set,Home & Kitchen,1,185.0,0.1,166.5,0.0,Klarna,Direct,,Completed
SHP-5032,2023-09-15,CUST-1170,Ella Taylor,United States,North America,PROD-104,Pulse Smart Fitness Band,Electronics,2,69.99,0.0,139.98,0.0,Credit Card,Facebook / Instagram,5,Completed
SHP-5033,2023-03-21,CUST-1039,Isabella Jones,United States,North America,PROD-402,Vitamin C Brightening Moisturizer,Beauty & Personal Care,2,44.0,0.0,88.0,9.99,PayPal,Email Campaign,5,Completed
SHP-5034,2023-07-14,CUST-1163,Harper Ramirez,United States,North America,PROD-402,Vitamin C Brightening Moisturizer,Beauty & Personal Care,2,44.0,0.0,88.0,4.99,PayPal,Organic Search,3,Completed
SHP-5035,2023-02-20,CUST-1052,Chloe Lee,United States,North America,PROD-401,Hydrating Botanical Face Serum,Beauty & Personal Care,1,38.0,0.0,38.0,4.99,Apple Pay,Organic Search,4,Completed
SHP-5036,2023-09-29,CUST-1211,Grace Taylor,United States,North America,PROD-502,Adjustable Quick-Lock Dumbbells,Fitness & Outdoors,2,199.0,0.0,398.0,0.0,PayPal,Organic Search,4,Completed
SHP-5037,2023-10-26,CUST-1074,Ella Lopez,United States,North America,PROD-204,Minimalist Leather City Tote,Apparel & Fashion,1,145.0,0.0,145.0,0.0,Shopify Pay,Google Ads,5,Completed
SHP-5038,2023-03-22,CUST-1038,Joseph Lee,United States,North America,PROD-401,Hydrating Botanical Face Serum,Beauty & Personal Care,3,38.0,0.25,85.5,7.99,Credit Card,Facebook / Instagram,4,Completed
SHP-5039,2023-07-16,CUST-1248,Liam Rodriguez,United States,North America,PROD-104,Pulse Smart Fitness Band,Electronics,1,69.99,0.05,66.49,9.99,PayPal,Google Ads,1,Returned
SHP-5040,2023-01-05,CUST-1026,Daniel Rodriguez,United Kingdom,Europe,PROD-503,Waterproof Trail Running Pack,Fitness & Outdoors,2,78.0,0.15,132.6,0.0,PayPal,Direct,4,Completed
SHP-5041,2023-04-08,CUST-1129,Zoe Moore,United Kingdom,Europe,PROD-201,Eco-Weave Oversized Cotton Hoodie,Apparel & Fashion,1,74.0,0.2,59.2,9.99,Apple Pay,Organic Search,1,Returned
SHP-5042,2023-06-01,CUST-1168,Harper Hernandez,United States,North America,PROD-305,Aromatherapy Ultrasonic Diffuser,Home & Kitchen,1,48.0,0.0,48.0,9.99,Credit Card,Direct,4,Completed
SHP-5043,2024-02-27,CUST-1247,Ava Ramirez,United States,North America,PROD-301,Ceramic Pour-Over Coffee Brewer,Home & Kitchen,2,42.5,0.0,85.0,4.99,Shopify Pay,Facebook / Instagram,5,Completed
SHP-5044,2023-12-12,CUST-1188,Ava Miller,United States,North America,PROD-103,Apex Ultra-Slim 4K Webcam,Electronics,2,89.0,0.0,178.0,0.0,Credit Card,Facebook / Instagram,5,Completed
SHP-5045,2024-02-26,CUST-1191,Harper Moore,Germany,Europe,PROD-104,Pulse Smart Fitness Band,Electronics,1,69.99,0.05,66.49,9.99,Credit Card,Direct,3,Completed
SHP-5046,2024-02-26,CUST-1238,Benjamin Sanchez,Canada,North America,PROD-301,Ceramic Pour-Over Coffee Brewer,Home & Kitchen,1,42.5,0.0,42.5,4.99,Shopify Pay,TikTok Influencer,5,Completed
SHP-5047,2023-03-11,CUST-1199,William Hernandez,United States,North America,PROD-401,Hydrating Botanical Face Serum,Beauty & Personal Care,1,38.0,0.2,30.4,9.99,Credit Card,TikTok Influencer,4,Completed
SHP-5048,2023-02-20,CUST-1251,Chloe Clark,United States,North America,PROD-503,Waterproof Trail Running Pack,Fitness & Outdoors,1,78.0,0.2,62.4,4.99,Shopify Pay,Email Campaign,4,Completed
SHP-5049,2023-12-18,CUST-1184,Mia Perez,Germany,Europe,PROD-102,Nova Mechanical RGB Keyboard,Electronics,1,129.5,0.0,129.5,0.0,Apple Pay,Organic Search,5,Completed
SHP-5050,2023-11-02,CUST-1026,Daniel Rodriguez,United Kingdom,Europe,PROD-302,Stainless Insulated Thermal Bottle,Home & Kitchen,1,34.0,0.0,34.0,9.99,Apple Pay,Organic Search,5,Completed
SHP-5051,2023-04-30,CUST-1169,Olivia Harris,United States,North America,PROD-201,Eco-Weave Oversized Cotton Hoodie,Apparel & Fashion,2,74.0,0.05,140.6,0.0,Klarna,Google Ads,5,Completed
SHP-5052,2023-02-26,CUST-1014,Harper Brown,United States,North America,PROD-201,Eco-Weave Oversized Cotton Hoodie,Apparel & Fashion,1,74.0,0.15,62.9,4.99,Shopify Pay,Facebook / Instagram,4,Completed
SHP-5053,2023-02-28,CUST-1033,Elijah Clark,United States,North America,PROD-402,Vitamin C Brightening Moisturizer,Beauty & Personal Care,1,44.0,0.0,44.0,9.99,Credit Card,Organic Search,,Completed
SHP-5054,2024-02-06,CUST-1155,Matthew Jones,Australia,Asia-Pacific,PROD-401,Hydrating Botanical Face Serum,Beauty & Personal Care,1,38.0,0.0,38.0,7.99,Credit Card,Direct,4,Completed
SHP-5055,2023-02-11,CUST-1165,Joseph Anderson,United States,North America,PROD-503,Waterproof Trail Running Pack,Fitness & Outdoors,1,78.0,0.0,78.0,9.99,Credit Card,Facebook / Instagram,5,Completed
SHP-5056,2023-08-21,CUST-1259,Charlotte Miller,United States,North America,PROD-503,Waterproof Trail Running Pack,Fitness & Outdoors,1,78.0,0.15,66.3,4.99,PayPal,Direct,4,Completed
SHP-5057,2023-08-20,CUST-1117,Olivia Wilson,United Kingdom,Europe,PROD-305,Aromatherapy Ultrasonic Diffuser,Home & Kitchen,1,48.0,0.05,45.6,7.99,Shopify Pay,Email Campaign,5,Completed
SHP-5058,2023-12-18,CUST-1035,Sophia Robinson,Australia,Asia-Pacific,PROD-103,Apex Ultra-Slim 4K Webcam,Electronics,2,89.0,0.0,178.0,0.0,PayPal,Organic Search,5,Completed
SHP-5059,2023-10-15,CUST-1169,Olivia Harris,United States,North America,PROD-104,Pulse Smart Fitness Band,Electronics,1,69.99,0.15,59.49,7.99,PayPal,Direct,4,Completed
SHP-5060,2023-10-23,CUST-1260,Isabella Harris,United States,North America,PROD-203,Tailored Technical Chino Pants,Apparel & Fashion,1,85.0,0.05,80.75,4.99,Credit Card,Google Ads,4,Completed
SHP-5061,2023-08-08,CUST-1014,Harper Brown,United States,North America,PROD-503,Waterproof Trail Running Pack,Fitness & Outdoors,3,78.0,0.15,198.9,0.0,Shopify Pay,Google Ads,4,Completed
SHP-5062,2023-01-04,CUST-1093,Evelyn Jones,United States,North America,PROD-201,Eco-Weave Oversized Cotton Hoodie,Apparel & Fashion,1,74.0,0.0,74.0,4.99,Klarna,Email Campaign,1,Returned
SHP-5063,2023-08-21,CUST-1175,Alexander Lopez,United Kingdom,Europe,PROD-202,Merino Wool Everyday Crewneck,Apparel & Fashion,1,98.0,0.1,88.2,9.99,Apple Pay,Facebook / Instagram,3,Completed
SHP-5064,2023-02-11,CUST-1140,Ella Wilson,Germany,Europe,PROD-401,Hydrating Botanical Face Serum,Beauty & Personal Care,1,38.0,0.05,36.1,7.99,Shopify Pay,Google Ads,3,Completed
SHP-5065,2023-12-14,CUST-1250,Chloe Lewis,United States,North America,PROD-403,Exfoliating Bamboo Body Polish,Beauty & Personal Care,1,29.5,0.0,29.5,7.99,Shopify Pay,TikTok Influencer,5,Completed
SHP-5066,2024-01-27,CUST-1131,Emma Perez,Germany,Europe,PROD-301,Ceramic Pour-Over Coffee Brewer,Home & Kitchen,1,42.5,0.0,42.5,9.99,Shopify Pay,Google Ads,5,Completed
SHP-5067,2023-12-09,CUST-1037,Ella Thomas,United States,North America,PROD-304,French Flax Linen Bedding Set,Home & Kitchen,2,185.0,0.0,370.0,0.0,Klarna,Organic Search,5,Completed
SHP-5068,2023-12-30,CUST-1149,Liam Martinez,United States,North America,PROD-104,Pulse Smart Fitness Band,Electronics,1,69.99,0.2,55.99,4.99,PayPal,Email Campaign,3,Completed
SHP-5069,2024-03-08,CUST-1055,Isabella Taylor,United Kingdom,Europe,PROD-204,Minimalist Leather City Tote,Apparel & Fashion,1,145.0,0.0,145.0,0.0,Apple Pay,Organic Search,5,Completed
SHP-5070,2023-02-09,CUST-1059,Henry Harris,United States,North America,PROD-403,Exfoliating Bamboo Body Polish,Beauty & Personal Care,1,29.5,0.2,23.6,7.99,Klarna,Google Ads,3,Completed
SHP-5071,2023-05-12,CUST-1102,Liam Garcia,United States,North America,PROD-202,Merino Wool Everyday Crewneck,Apparel & Fashion,1,98.0,0.1,88.2,9.99,Klarna,Organic Search,5,Completed
SHP-5072,2023-10-24,CUST-1230,Evelyn Wilson,United States,North America,PROD-502,Adjustable Quick-Lock Dumbbells,Fitness & Outdoors,1,199.0,0.25,149.25,0.0,Klarna,Google Ads,4,Completed
SHP-5073,2023-11-20,CUST-1141,Liam Smith,United States,North America,PROD-502,Adjustable Quick-Lock Dumbbells,Fitness & Outdoors,1,199.0,0.05,189.05,0.0,Credit Card,Google Ads,1,Returned
SHP-5074,2024-03-18,CUST-1047,Harper Gonzalez,Canada,North America,PROD-503,Waterproof Trail Running Pack,Fitness & Outdoors,1,78.0,0.0,78.0,9.99,Apple Pay,Facebook / Instagram,5,Completed
SHP-5075,2023-11-30,CUST-1244,William Moore,United States,North America,PROD-403,Exfoliating Bamboo Body Polish,Beauty & Personal Care,1,29.5,0.0,29.5,4.99,Apple Pay,Email Campaign,5,Completed
SHP-5076,2023-01-21,CUST-1127,Hannah Williams,Australia,Asia-Pacific,PROD-401,Hydrating Botanical Face Serum,Beauty & Personal Care,4,38.0,0.05,144.4,0.0,Credit Card,Facebook / Instagram,5,Completed
SHP-5077,2023-12-14,CUST-1172,Emma Brown,Australia,Asia-Pacific,PROD-103,Apex Ultra-Slim 4K Webcam,Electronics,1,89.0,0.05,84.55,7.99,PayPal,Google Ads,5,Completed
SHP-5078,2023-06-20,CUST-1042,Harper Lopez,United States,North America,PROD-502,Adjustable Quick-Lock Dumbbells,Fitness & Outdoors,1,199.0,0.2,159.2,0.0,PayPal,Google Ads,5,Completed
SHP-5079,2023-02-13,CUST-1159,Joseph Hernandez,Germany,Europe,PROD-501,High-Density Non-Slip Yoga Mat,Fitness & Outdoors,1,55.0,0.15,46.75,4.99,Apple Pay,Email Campaign,5,Completed
SHP-5080,2023-11-27,CUST-1186,Lucas Perez,United States,North America,PROD-101,Aura Noise-Canceling Headphones,Electronics,1,179.99,0.0,179.99,0.0,Klarna,Organic Search,4,Completed
SHP-5081,2023-02-09,CUST-1152,Daniel Davis,United Kingdom,Europe,PROD-104,Pulse Smart Fitness Band,Electronics,1,69.99,0.05,66.49,9.99,Shopify Pay,Direct,4,Completed
SHP-5082,2023-07-12,CUST-1079,Ella Johnson,United States,North America,PROD-202,Merino Wool Everyday Crewneck,Apparel & Fashion,1,98.0,0.1,88.2,9.99,Shopify Pay,Email Campaign,5,Completed
SHP-5083,2023-05-02,CUST-1228,Ava Thompson,United States,North America,PROD-503,Waterproof Trail Running Pack,Fitness & Outdoors,1,78.0,0.1,70.2,7.99,Shopify Pay,Organic Search,5,Completed
SHP-5084,2023-04-10,CUST-1189,Harper Perez,United Kingdom,Europe,PROD-502,Adjustable Quick-Lock Dumbbells,Fitness & Outdoors,4,199.0,0.05,756.2,0.0,Credit Card,Google Ads,5,Completed
SHP-5085,2024-02-15,CUST-1071,Sophia Robinson,Canada,North America,PROD-205,Polarized Acetate Sunglasses,Apparel & Fashion,1,62.0,0.05,58.9,7.99,Shopify Pay,Facebook / Instagram,4,Completed
SHP-5086,2024-01-26,CUST-1083,Ava White,Australia,Asia-Pacific,PROD-205,Polarized Acetate Sunglasses,Apparel & Fashion,1,62.0,0.05,58.9,7.99,Apple Pay,Organic Search,5,Completed
SHP-5087,2023-08-01,CUST-1028,Ella Garcia,Canada,North America,PROD-304,French Flax Linen Bedding Set,Home & Kitchen,1,185.0,0.0,185.0,0.0,Credit Card,TikTok Influencer,3,Returned
SHP-5088,2023-11-29,CUST-1075,Amelia Anderson,United States,North America,PROD-201,Eco-Weave Oversized Cotton Hoodie,Apparel & Fashion,1,74.0,0.2,59.2,7.99,Shopify Pay,Email Campaign,3,Completed
SHP-5089,2023-02-10,CUST-1010,Samuel Ramirez,United States,North America,PROD-205,Polarized Acetate Sunglasses,Apparel & Fashion,1,62.0,0.0,62.0,9.99,Credit Card,Facebook / Instagram,4,Completed
SHP-5090,2023-05-03,CUST-1215,Benjamin Martin,United States,North America,PROD-503,Waterproof Trail Running Pack,Fitness & Outdoors,1,78.0,0.0,78.0,7.99,Shopify Pay,Facebook / Instagram,4,Completed
SHP-5091,2023-08-08,CUST-1001,Ella Brown,United States,North America,PROD-503,Waterproof Trail Running Pack,Fitness & Outdoors,1,78.0,0.05,74.1,4.99,Shopify Pay,Email Campaign,,Completed
SHP-5092,2023-09-27,CUST-1260,Isabella Harris,United States,North America,PROD-403,Exfoliating Bamboo Body Polish,Beauty & Personal Care,1,29.5,0.0,29.5,7.99,Credit Card,Organic Search,4,Completed
SHP-5093,2023-02-04,CUST-1177,Amelia Brown,United States,North America,PROD-204,Minimalist Leather City Tote,Apparel & Fashion,2,145.0,0.1,261.0,0.0,PayPal,Email Campaign,,Completed
SHP-5094,2023-10-07,CUST-1174,Isabella Johnson,United States,North America,PROD-202,Merino Wool Everyday Crewneck,Apparel & Fashion,2,98.0,0.1,176.4,0.0,Credit Card,TikTok Influencer,5,Completed
SHP-5095,2023-08-23,CUST-1019,William Lewis,Germany,Europe,PROD-301,Ceramic Pour-Over Coffee Brewer,Home & Kitchen,1,42.5,0.15,36.12,4.99,Shopify Pay,Google Ads,4,Completed
SHP-5096,2023-01-19,CUST-1098,Zoe Smith,France,Europe,PROD-301,Ceramic Pour-Over Coffee Brewer,Home & Kitchen,1,42.5,0.15,36.12,9.99,Shopify Pay,Google Ads,5,Completed
SHP-5097,2023-07-17,CUST-1174,Isabella Johnson,United States,North America,PROD-202,Merino Wool Everyday Crewneck,Apparel & Fashion,1,98.0,0.05,93.1,9.99,Shopify Pay,Google Ads,5,Completed
SHP-5098,2023-04-03,CUST-1151,Liam Lewis,United States,North America,PROD-302,Stainless Insulated Thermal Bottle,Home & Kitchen,1,34.0,0.0,34.0,7.99,PayPal,Google Ads,4,Completed
SHP-5099,2023-01-22,CUST-1181,Matthew White,United Kingdom,Europe,PROD-503,Waterproof Trail Running Pack,Fitness & Outdoors,4,78.0,0.0,312.0,0.0,Klarna,TikTok Influencer,4,Completed
SHP-5100,2024-02-15,CUST-1082,Daniel Thomas,United States,North America,PROD-101,Aura Noise-Canceling Headphones,Electronics,1,179.99,0.1,161.99,0.0,Shopify Pay,Email Campaign,4,Completed
SHP-5101,2023-07-16,CUST-1017,Noah Robinson,United States,North America,PROD-503,Waterproof Trail Running Pack,Fitness & Outdoors,1,78.0,0.0,78.0,7.99,PayPal,Google Ads,4,Completed
SHP-5102,2023-11-29,CUST-1059,Henry Harris,United States,North America,PROD-101,Aura Noise-Canceling Headphones,Electronics,2,179.99,0.05,341.98,0.0,Credit Card,Google Ads,4,Completed
SHP-5103,2023-11-10,CUST-1252,Zoe Williams,United States,North America,PROD-203,Tailored Technical Chino Pants,Apparel & Fashion,1,85.0,0.15,72.25,7.99,PayPal,Organic Search,5,Completed
SHP-5104,2023-06-13,CUST-1178,Charlotte Miller,United States,North America,PROD-103,Apex Ultra-Slim 4K Webcam,Electronics,1,89.0,0.0,89.0,7.99,PayPal,Direct,5,Completed
SHP-5105,2023-09-18,CUST-1115,Noah Lewis,Canada,North America,PROD-104,Pulse Smart Fitness Band,Electronics,4,69.99,0.15,237.97,0.0,Credit Card,Organic Search,4,Completed
SHP-5106,2023-10-10,CUST-1067,Chloe Moore,United Kingdom,Europe,PROD-503,Waterproof Trail Running Pack,Fitness & Outdoors,2,78.0,0.0,156.0,0.0,PayPal,Google Ads,4,Completed
SHP-5107,2023-10-22,CUST-1038,Joseph Lee,United States,North America,PROD-201,Eco-Weave Oversized Cotton Hoodie,Apparel & Fashion,4,74.0,0.1,266.4,0.0,PayPal,Google Ads,5,Completed
SHP-5108,2023-11-24,CUST-1067,Chloe Moore,United Kingdom,Europe,PROD-305,Aromatherapy Ultrasonic Diffuser,Home & Kitchen,1,48.0,0.15,40.8,4.99,Shopify Pay,Facebook / Instagram,4,Completed
SHP-5109,2023-09-23,CUST-1146,Grace Lewis,United States,North America,PROD-103,Apex Ultra-Slim 4K Webcam,Electronics,1,89.0,0.1,80.1,9.99,PayPal,Google Ads,5,Completed
SHP-5110,2023-10-31,CUST-1079,Ella Johnson,United States,North America,PROD-202,Merino Wool Everyday Crewneck,Apparel & Fashion,1,98.0,0.1,88.2,9.99,Klarna,Google Ads,1,Returned
SHP-5111,2023-11-25,CUST-1136,Sophia Thompson,United States,North America,PROD-203,Tailored Technical Chino Pants,Apparel & Fashion,2,85.0,0.0,170.0,0.0,Credit Card,Facebook / Instagram,5,Completed
SHP-5112,2023-09-05,CUST-1126,Isabella Jones,Australia,Asia-Pacific,PROD-304,French Flax Linen Bedding Set,Home & Kitchen,1,185.0,0.0,185.0,0.0,Credit Card,Organic Search,5,Completed
SHP-5113,2023-06-10,CUST-1164,James Davis,United States,North America,PROD-303,Japanese Chef Damascus Knife 8-in,Home & Kitchen,4,115.0,0.0,460.0,0.0,Credit Card,Google Ads,4,Completed
SHP-5114,2023-05-07,CUST-1073,Lucas Gonzalez,France,Europe,PROD-104,Pulse Smart Fitness Band,Electronics,1,69.99,0.2,55.99,9.99,Klarna,Google Ads,5,Completed
SHP-5115,2024-01-05,CUST-1161,Matthew Sanchez,United States,North America,PROD-203,Tailored Technical Chino Pants,Apparel & Fashion,2,85.0,0.05,161.5,0.0,Credit Card,Facebook / Instagram,,Completed
SHP-5116,2023-07-21,CUST-1259,Charlotte Miller,United States,North America,PROD-401,Hydrating Botanical Face Serum,Beauty & Personal Care,3,38.0,0.0,114.0,0.0,Shopify Pay,Google Ads,5,Completed
SHP-5117,2023-08-29,CUST-1147,Liam Clark,United States,North America,PROD-501,High-Density Non-Slip Yoga Mat,Fitness & Outdoors,1,55.0,0.0,55.0,4.99,PayPal,Direct,4,Completed
SHP-5118,2023-10-19,CUST-1100,Oliver Wilson,Canada,North America,PROD-303,Japanese Chef Damascus Knife 8-in,Home & Kitchen,1,115.0,0.0,115.0,0.0,PayPal,Facebook / Instagram,5,Completed
SHP-5119,2023-03-02,CUST-1066,James Clark,United States,North America,PROD-104,Pulse Smart Fitness Band,Electronics,1,69.99,0.15,59.49,7.99,Credit Card,Facebook / Instagram,4,Completed
SHP-5120,2023-01-21,CUST-1024,Evelyn Lee,Germany,Europe,PROD-102,Nova Mechanical RGB Keyboard,Electronics,1,129.5,0.0,129.5,0.0,Credit Card,Facebook / Instagram,4,Completed
SHP-5121,2023-11-10,CUST-1202,Emma Johnson,United States,North America,PROD-503,Waterproof Trail Running Pack,Fitness & Outdoors,2,78.0,0.0,156.0,0.0,Apple Pay,Google Ads,4,Completed
SHP-5122,2024-02-22,CUST-1009,Elijah Anderson,Canada,North America,PROD-303,Japanese Chef Damascus Knife 8-in,Home & Kitchen,1,115.0,0.0,115.0,0.0,Shopify Pay,Google Ads,5,Completed
SHP-5123,2023-11-02,CUST-1117,Olivia Wilson,United Kingdom,Europe,PROD-102,Nova Mechanical RGB Keyboard,Electronics,1,129.5,0.0,129.5,0.0,PayPal,Facebook / Instagram,5,Completed
SHP-5124,2023-01-17,CUST-1057,Ella Martinez,Germany,Europe,PROD-203,Tailored Technical Chino Pants,Apparel & Fashion,1,85.0,0.0,85.0,4.99,Shopify Pay,Google Ads,4,Completed
SHP-5125,2024-03-10,CUST-1032,Zoe Harris,United Kingdom,Europe,PROD-201,Eco-Weave Oversized Cotton Hoodie,Apparel & Fashion,1,74.0,0.05,70.3,9.99,Credit Card,Facebook / Instagram,5,Completed
SHP-5126,2023-10-07,CUST-1182,Sophia Lopez,United States,North America,PROD-205,Polarized Acetate Sunglasses,Apparel & Fashion,1,62.0,0.0,62.0,4.99,Shopify Pay,Google Ads,5,Completed
SHP-5127,2023-12-27,CUST-1251,Chloe Clark,United States,North America,PROD-302,Stainless Insulated Thermal Bottle,Home & Kitchen,1,34.0,0.05,32.3,9.99,Shopify Pay,Google Ads,5,Completed
SHP-5128,2024-02-24,CUST-1177,Amelia Brown,United States,North America,PROD-201,Eco-Weave Oversized Cotton Hoodie,Apparel & Fashion,1,74.0,0.0,74.0,9.99,Klarna,Organic Search,4,Completed
SHP-5129,2024-02-28,CUST-1139,Joseph Ramirez,United States,North America,PROD-501,High-Density Non-Slip Yoga Mat,Fitness & Outdoors,2,55.0,0.0,110.0,0.0,Credit Card,Facebook / Instagram,5,Completed
SHP-5130,2023-11-23,CUST-1052,Chloe Lee,United States,North America,PROD-305,Aromatherapy Ultrasonic Diffuser,Home & Kitchen,1,48.0,0.05,45.6,9.99,Shopify Pay,Email Campaign,4,Completed
SHP-5131,2024-03-26,CUST-1244,William Moore,United States,North America,PROD-402,Vitamin C Brightening Moisturizer,Beauty & Personal Care,1,44.0,0.1,39.6,7.99,PayPal,Google Ads,5,Completed
SHP-5132,2023-10-01,CUST-1020,Charlotte Miller,United Kingdom,Europe,PROD-202,Merino Wool Everyday Crewneck,Apparel & Fashion,1,98.0,0.15,83.3,4.99,Credit Card,TikTok Influencer,5,Completed
SHP-5133,2023-05-29,CUST-1020,Charlotte Miller,United Kingdom,Europe,PROD-101,Aura Noise-Canceling Headphones,Electronics,1,179.99,0.1,161.99,0.0,Credit Card,TikTok Influencer,5,Completed
SHP-5134,2024-03-31,CUST-1069,Benjamin Garcia,United States,North America,PROD-403,Exfoliating Bamboo Body Polish,Beauty & Personal Care,1,29.5,0.0,29.5,4.99,PayPal,Google Ads,3,Completed
SHP-5135,2023-06-22,CUST-1152,Daniel Davis,United Kingdom,Europe,PROD-502,Adjustable Quick-Lock Dumbbells,Fitness & Outdoors,1,199.0,0.0,199.0,0.0,PayPal,Facebook / Instagram,4,Completed
SHP-5136,2023-07-25,CUST-1049,Benjamin Ramirez,Australia,Asia-Pacific,PROD-202,Merino Wool Everyday Crewneck,Apparel & Fashion,4,98.0,0.05,372.4,0.0,Shopify Pay,TikTok Influencer,4,Completed
SHP-5137,2023-06-18,CUST-1155,Matthew Jones,Australia,Asia-Pacific,PROD-502,Adjustable Quick-Lock Dumbbells,Fitness & Outdoors,2,199.0,0.0,398.0,0.0,PayPal,Facebook / Instagram,4,Completed
SHP-5138,2023-07-27,CUST-1258,Ava Thomas,United Kingdom,Europe,PROD-301,Ceramic Pour-Over Coffee Brewer,Home & Kitchen,2,42.5,0.1,76.5,7.99,Shopify Pay,Google Ads,4,Completed
SHP-5139,2023-11-07,CUST-1242,Harper White,United States,North America,PROD-501,High-Density Non-Slip Yoga Mat,Fitness & Outdoors,2,55.0,0.15,93.5,4.99,Credit Card,Email Campaign,5,Completed
SHP-5140,2023-07-05,CUST-1040,Benjamin Moore,United States,North America,PROD-502,Adjustable Quick-Lock Dumbbells,Fitness & Outdoors,1,199.0,0.15,169.15,0.0,Shopify Pay,Direct,5,Completed
SHP-5141,2023-08-15,CUST-1060,Chloe Robinson,Canada,North America,PROD-203,Tailored Technical Chino Pants,Apparel & Fashion,2,85.0,0.05,161.5,0.0,Credit Card,Direct,2,Returned
SHP-5142,2023-10-16,CUST-1030,Isabella Robinson,Canada,North America,PROD-501,High-Density Non-Slip Yoga Mat,Fitness & Outdoors,1,55.0,0.15,46.75,9.99,Shopify Pay,Organic Search,1,Returned
SHP-5143,2023-08-05,CUST-1177,Amelia Brown,United States,North America,PROD-103,Apex Ultra-Slim 4K Webcam,Electronics,1,89.0,0.0,89.0,4.99,Credit Card,TikTok Influencer,4,Completed
SHP-5144,2023-11-25,CUST-1216,Chloe Lewis,United States,North America,PROD-303,Japanese Chef Damascus Knife 8-in,Home & Kitchen,4,115.0,0.0,460.0,0.0,Apple Pay,Direct,5,Completed
SHP-5145,2023-10-04,CUST-1069,Benjamin Garcia,United States,North America,PROD-303,Japanese Chef Damascus Knife 8-in,Home & Kitchen,1,115.0,0.25,86.25,7.99,PayPal,Facebook / Instagram,,Completed
SHP-5146,2023-01-12,CUST-1153,Henry Harris,Canada,North America,PROD-401,Hydrating Botanical Face Serum,Beauty & Personal Care,1,38.0,0.05,36.1,9.99,Shopify Pay,Google Ads,4,Completed
SHP-5147,2024-03-24,CUST-1058,Amelia Martin,United States,North America,PROD-102,Nova Mechanical RGB Keyboard,Electronics,2,129.5,0.0,259.0,0.0,Apple Pay,Email Campaign,1,Returned
SHP-5148,2023-01-18,CUST-1229,Alexander Wilson,United States,North America,PROD-503,Waterproof Trail Running Pack,Fitness & Outdoors,1,78.0,0.15,66.3,4.99,Credit Card,Email Campaign,5,Completed
SHP-5149,2023-01-29,CUST-1072,Matthew Thompson,United States,North America,PROD-403,Exfoliating Bamboo Body Polish,Beauty & Personal Care,4,29.5,0.0,118.0,0.0,Credit Card,Direct,5,Completed
SHP-5150,2023-05-02,CUST-1155,Matthew Jones,Australia,Asia-Pacific,PROD-201,Eco-Weave Oversized Cotton Hoodie,Apparel & Fashion,4,74.0,0.05,281.2,0.0,Shopify Pay,Google Ads,5,Completed
SHP-5151,2023-03-31,CUST-1219,Evelyn Lewis,United States,North America,PROD-501,High-Density Non-Slip Yoga Mat,Fitness & Outdoors,1,55.0,0.25,41.25,9.99,Apple Pay,Email Campaign,4,Completed
SHP-5152,2023-07-12,CUST-1095,Joseph Williams,United States,North America,PROD-501,High-Density Non-Slip Yoga Mat,Fitness & Outdoors,1,55.0,0.15,46.75,7.99,Shopify Pay,Direct,,Completed
SHP-5153,2023-07-31,CUST-1214,Evelyn Perez,Canada,North America,PROD-501,High-Density Non-Slip Yoga Mat,Fitness & Outdoors,1,55.0,0.0,55.0,7.99,PayPal,Organic Search,3,Completed
SHP-5154,2024-01-06,CUST-1098,Zoe Smith,France,Europe,PROD-102,Nova Mechanical RGB Keyboard,Electronics,1,129.5,0.1,116.55,0.0,Apple Pay,Facebook / Instagram,5,Completed
SHP-5155,2023-10-14,CUST-1112,Liam Taylor,United States,North America,PROD-402,Vitamin C Brightening Moisturizer,Beauty & Personal Care,1,44.0,0.2,35.2,7.99,Shopify Pay,TikTok Influencer,3,Completed
SHP-5156,2024-01-22,CUST-1246,Emma Williams,United Kingdom,Europe,PROD-204,Minimalist Leather City Tote,Apparel & Fashion,2,145.0,0.1,261.0,0.0,Shopify Pay,Google Ads,4,Completed
SHP-5157,2023-11-29,CUST-1134,Hannah Brown,United Kingdom,Europe,PROD-303,Japanese Chef Damascus Knife 8-in,Home & Kitchen,1,115.0,0.05,109.25,0.0,Klarna,Organic Search,5,Completed
SHP-5158,2023-07-09,CUST-1161,Matthew Sanchez,United States,North America,PROD-305,Aromatherapy Ultrasonic Diffuser,Home & Kitchen,1,48.0,0.15,40.8,9.99,Shopify Pay,Organic Search,4,Completed
SHP-5159,2023-03-20,CUST-1101,Sophia Ramirez,United States,North America,PROD-302,Stainless Insulated Thermal Bottle,Home & Kitchen,1,34.0,0.05,32.3,4.99,PayPal,Facebook / Instagram,5,Completed
SHP-5160,2024-01-06,CUST-1252,Zoe Williams,United States,North America,PROD-401,Hydrating Botanical Face Serum,Beauty & Personal Care,1,38.0,0.15,32.3,4.99,Credit Card,Organic Search,5,Completed
SHP-5161,2023-01-31,CUST-1018,Benjamin Martinez,Germany,Europe,PROD-103,Apex Ultra-Slim 4K Webcam,Electronics,3,89.0,0.1,240.3,0.0,Credit Card,Email Campaign,5,Completed
SHP-5162,2023-01-05,CUST-1112,Liam Taylor,United States,North America,PROD-403,Exfoliating Bamboo Body Polish,Beauty & Personal Care,1,29.5,0.0,29.5,9.99,PayPal,Email Campaign,3,Completed
SHP-5163,2023-10-10,CUST-1211,Grace Taylor,United States,North America,PROD-101,Aura Noise-Canceling Headphones,Electronics,1,179.99,0.1,161.99,0.0,Shopify Pay,Facebook / Instagram,4,Completed
SHP-5164,2023-04-02,CUST-1055,Isabella Taylor,United Kingdom,Europe,PROD-104,Pulse Smart Fitness Band,Electronics,1,69.99,0.0,69.99,9.99,Apple Pay,Facebook / Instagram,4,Completed
SHP-5165,2023-07-27,CUST-1236,David Lewis,France,Europe,PROD-502,Adjustable Quick-Lock Dumbbells,Fitness & Outdoors,1,199.0,0.1,179.1,0.0,Apple Pay,Google Ads,5,Completed
SHP-5166,2023-01-17,CUST-1048,Evelyn Taylor,United States,North America,PROD-304,French Flax Linen Bedding Set,Home & Kitchen,1,185.0,0.05,175.75,0.0,Shopify Pay,Organic Search,4,Completed
SHP-5167,2024-02-06,CUST-1170,Ella Taylor,United States,North America,PROD-502,Adjustable Quick-Lock Dumbbells,Fitness & Outdoors,4,199.0,0.25,597.0,0.0,Apple Pay,Direct,5,Completed
SHP-5168,2023-10-18,CUST-1244,William Moore,United States,North America,PROD-205,Polarized Acetate Sunglasses,Apparel & Fashion,1,62.0,0.0,62.0,7.99,Credit Card,Direct,1,Returned
SHP-5169,2023-04-17,CUST-1074,Ella Lopez,United States,North America,PROD-304,French Flax Linen Bedding Set,Home & Kitchen,3,185.0,0.0,555.0,0.0,Credit Card,Facebook / Instagram,5,Completed
SHP-5170,2023-07-16,CUST-1072,Matthew Thompson,United States,North America,PROD-103,Apex Ultra-Slim 4K Webcam,Electronics,1,89.0,0.25,66.75,4.99,Shopify Pay,Organic Search,5,Completed
SHP-5171,2023-11-01,CUST-1168,Harper Hernandez,United States,North America,PROD-101,Aura Noise-Canceling Headphones,Electronics,1,179.99,0.15,152.99,0.0,Shopify Pay,Google Ads,4,Completed
SHP-5172,2023-10-27,CUST-1195,Daniel Miller,Canada,North America,PROD-103,Apex Ultra-Slim 4K Webcam,Electronics,2,89.0,0.0,178.0,0.0,Shopify Pay,Google Ads,5,Completed
SHP-5173,2023-03-20,CUST-1200,Chloe Davis,United Kingdom,Europe,PROD-302,Stainless Insulated Thermal Bottle,Home & Kitchen,1,34.0,0.0,34.0,7.99,PayPal,Google Ads,4,Completed
SHP-5174,2023-10-13,CUST-1209,Chloe Lewis,United States,North America,PROD-104,Pulse Smart Fitness Band,Electronics,1,69.99,0.0,69.99,4.99,Apple Pay,Facebook / Instagram,,Completed
SHP-5175,2023-07-31,CUST-1199,William Hernandez,United States,North America,PROD-103,Apex Ultra-Slim 4K Webcam,Electronics,2,89.0,0.05,169.1,0.0,Shopify Pay,TikTok Influencer,4,Completed
SHP-5176,2023-05-18,CUST-1155,Matthew Jones,Australia,Asia-Pacific,PROD-205,Polarized Acetate Sunglasses,Apparel & Fashion,1,62.0,0.0,62.0,7.99,Shopify Pay,Google Ads,5,Completed
SHP-5177,2024-01-05,CUST-1254,Henry Davis,United Kingdom,Europe,PROD-503,Waterproof Trail Running Pack,Fitness & Outdoors,1,78.0,0.05,74.1,4.99,Klarna,Google Ads,5,Completed
SHP-5178,2023-06-18,CUST-1226,Hannah Moore,United States,North America,PROD-302,Stainless Insulated Thermal Bottle,Home & Kitchen,1,34.0,0.15,28.9,9.99,Shopify Pay,TikTok Influencer,4,Completed
SHP-5179,2023-06-10,CUST-1091,Mia Sanchez,Germany,Europe,PROD-304,French Flax Linen Bedding Set,Home & Kitchen,3,185.0,0.0,555.0,0.0,Credit Card,Email Campaign,4,Completed
SHP-5180,2024-02-23,CUST-1202,Emma Johnson,United States,North America,PROD-303,Japanese Chef Damascus Knife 8-in,Home & Kitchen,1,115.0,0.05,109.25,0.0,Credit Card,Facebook / Instagram,5,Completed
SHP-5181,2023-08-25,CUST-1108,Liam Jackson,United Kingdom,Europe,PROD-401,Hydrating Botanical Face Serum,Beauty & Personal Care,2,38.0,0.15,64.6,4.99,Apple Pay,Email Campaign,5,Completed
SHP-5182,2023-05-04,CUST-1130,William Sanchez,United Kingdom,Europe,PROD-201,Eco-Weave Oversized Cotton Hoodie,Apparel & Fashion,2,74.0,0.15,125.8,0.0,Klarna,Organic Search,5,Completed
SHP-5183,2024-03-21,CUST-1215,Benjamin Martin,United States,North America,PROD-501,High-Density Non-Slip Yoga Mat,Fitness & Outdoors,1,55.0,0.2,44.0,9.99,Credit Card,Direct,5,Completed
SHP-5184,2023-12-03,CUST-1086,Sophia Brown,United States,North America,PROD-503,Waterproof Trail Running Pack,Fitness & Outdoors,1,78.0,0.25,58.5,9.99,Klarna,Facebook / Instagram,3,Completed
SHP-5185,2023-02-20,CUST-1133,Hannah Jones,United States,North America,PROD-204,Minimalist Leather City Tote,Apparel & Fashion,1,145.0,0.05,137.75,0.0,Credit Card,Facebook / Instagram,5,Completed
SHP-5186,2023-10-29,CUST-1257,Emma Martin,United States,North America,PROD-201,Eco-Weave Oversized Cotton Hoodie,Apparel & Fashion,1,74.0,0.0,74.0,4.99,Klarna,Google Ads,2,Returned
SHP-5187,2023-06-28,CUST-1160,Alexander Sanchez,United Kingdom,Europe,PROD-302,Stainless Insulated Thermal Bottle,Home & Kitchen,1,34.0,0.0,34.0,7.99,Shopify Pay,Google Ads,3,Completed
SHP-5188,2023-01-23,CUST-1059,Henry Harris,United States,North America,PROD-101,Aura Noise-Canceling Headphones,Electronics,2,179.99,0.1,323.98,0.0,Shopify Pay,Email Campaign,4,Completed
SHP-5189,2023-03-23,CUST-1170,Ella Taylor,United States,North America,PROD-501,High-Density Non-Slip Yoga Mat,Fitness & Outdoors,1,55.0,0.05,52.25,7.99,Shopify Pay,Facebook / Instagram,5,Completed
SHP-5190,2024-03-28,CUST-1102,Liam Garcia,United States,North America,PROD-401,Hydrating Botanical Face Serum,Beauty & Personal Care,1,38.0,0.0,38.0,9.99,Shopify Pay,Organic Search,5,Completed
SHP-5191,2024-02-14,CUST-1096,David Ramirez,Canada,North America,PROD-303,Japanese Chef Damascus Knife 8-in,Home & Kitchen,1,115.0,0.05,109.25,0.0,Apple Pay,Google Ads,5,Completed
SHP-5192,2023-11-09,CUST-1059,Henry Harris,United States,North America,PROD-303,Japanese Chef Damascus Knife 8-in,Home & Kitchen,1,115.0,0.05,109.25,0.0,PayPal,Organic Search,5,Completed
SHP-5193,2023-12-11,CUST-1061,Emma Martin,United States,North America,PROD-204,Minimalist Leather City Tote,Apparel & Fashion,1,145.0,0.0,145.0,0.0,Credit Card,Email Campaign,4,Completed
SHP-5194,2023-04-06,CUST-1250,Chloe Lewis,United States,North America,PROD-501,High-Density Non-Slip Yoga Mat,Fitness & Outdoors,2,55.0,0.1,99.0,4.99,Credit Card,Facebook / Instagram,4,Completed
SHP-5195,2023-01-28,CUST-1184,Mia Perez,Germany,Europe,PROD-101,Aura Noise-Canceling Headphones,Electronics,1,179.99,0.0,179.99,0.0,Credit Card,Google Ads,4,Completed
SHP-5196,2023-12-30,CUST-1251,Chloe Clark,United States,North America,PROD-202,Merino Wool Everyday Crewneck,Apparel & Fashion,1,98.0,0.0,98.0,4.99,Shopify Pay,Google Ads,4,Completed
SHP-5197,2024-01-16,CUST-1254,Henry Davis,United Kingdom,Europe,PROD-501,High-Density Non-Slip Yoga Mat,Fitness & Outdoors,1,55.0,0.05,52.25,7.99,Apple Pay,Email Campaign,3,Completed
SHP-5198,2024-01-04,CUST-1226,Hannah Moore,United States,North America,PROD-501,High-Density Non-Slip Yoga Mat,Fitness & Outdoors,1,55.0,0.0,55.0,9.99,PayPal,Direct,4,Completed
SHP-5199,2023-06-28,CUST-1045,Ava Lee,United States,North America,PROD-401,Hydrating Botanical Face Serum,Beauty & Personal Care,2,38.0,0.0,76.0,4.99,PayPal,Organic Search,5,Completed
SHP-5200,2023-08-08,CUST-1085,Samuel Thomas,Germany,Europe,PROD-503,Waterproof Trail Running Pack,Fitness & Outdoors,1,78.0,0.0,78.0,4.99,Credit Card,Email Campaign,4,Completed
SHP-5201,2023-12-27,CUST-1137,Daniel Lee,Germany,Europe,PROD-403,Exfoliating Bamboo Body Polish,Beauty & Personal Care,4,29.5,0.1,106.2,0.0,Klarna,Organic Search,5,Completed
SHP-5202,2024-03-19,CUST-1065,Charlotte Williams,United States,North America,PROD-201,Eco-Weave Oversized Cotton Hoodie,Apparel & Fashion,1,74.0,0.1,66.6,4.99,PayPal,Email Campaign,4,Completed
SHP-5203,2023-08-01,CUST-1193,Samuel Jackson,Canada,North America,PROD-401,Hydrating Botanical Face Serum,Beauty & Personal Care,1,38.0,0.15,32.3,4.99,PayPal,Google Ads,4,Completed
SHP-5204,2023-09-07,CUST-1168,Harper Hernandez,United States,North America,PROD-502,Adjustable Quick-Lock Dumbbells,Fitness & Outdoors,1,199.0,0.1,179.1,0.0,PayPal,Email Campaign,4,Completed
SHP-5205,2023-02-02,CUST-1204,Olivia Anderson,United States,North America,PROD-203,Tailored Technical Chino Pants,Apparel & Fashion,3,85.0,0.15,216.75,0.0,Credit Card,Facebook / Instagram,4,Completed
SHP-5206,2024-03-12,CUST-1249,Sophia Anderson,United States,North America,PROD-302,Stainless Insulated Thermal Bottle,Home & Kitchen,2,34.0,0.1,61.2,4.99,Apple Pay,Organic Search,5,Completed
SHP-5207,2023-08-14,CUST-1234,Charlotte Gonzalez,United States,North America,PROD-101,Aura Noise-Canceling Headphones,Electronics,4,179.99,0.0,719.96,0.0,Apple Pay,TikTok Influencer,5,Completed
SHP-5208,2024-03-24,CUST-1141,Liam Smith,United States,North America,PROD-103,Apex Ultra-Slim 4K Webcam,Electronics,1,89.0,0.0,89.0,7.99,PayPal,Email Campaign,2,Returned
SHP-5209,2024-01-22,CUST-1120,Mia Davis,United States,North America,PROD-305,Aromatherapy Ultrasonic Diffuser,Home & Kitchen,1,48.0,0.1,43.2,4.99,Shopify Pay,Organic Search,4,Completed
SHP-5210,2023-01-05,CUST-1176,Mia Wilson,Canada,North America,PROD-104,Pulse Smart Fitness Band,Electronics,4,69.99,0.0,279.96,0.0,Shopify Pay,Organic Search,3,Completed
SHP-5211,2023-06-10,CUST-1189,Harper Perez,United Kingdom,Europe,PROD-301,Ceramic Pour-Over Coffee Brewer,Home & Kitchen,1,42.5,0.1,38.25,4.99,PayPal,Facebook / Instagram,5,Completed
SHP-5212,2023-03-26,CUST-1226,Hannah Moore,United States,North America,PROD-303,Japanese Chef Damascus Knife 8-in,Home & Kitchen,2,115.0,0.1,207.0,0.0,Credit Card,Organic Search,3,Completed
SHP-5213,2023-02-21,CUST-1072,Matthew Thompson,United States,North America,PROD-104,Pulse Smart Fitness Band,Electronics,1,69.99,0.0,69.99,7.99,Shopify Pay,Google Ads,5,Completed
SHP-5214,2023-11-04,CUST-1146,Grace Lewis,United States,North America,PROD-101,Aura Noise-Canceling Headphones,Electronics,2,179.99,0.1,323.98,0.0,Credit Card,Google Ads,4,Completed
SHP-5215,2023-01-28,CUST-1123,Joseph Williams,United States,North America,PROD-402,Vitamin C Brightening Moisturizer,Beauty & Personal Care,1,44.0,0.0,44.0,9.99,Credit Card,Facebook / Instagram,5,Completed
SHP-5216,2023-03-09,CUST-1199,William Hernandez,United States,North America,PROD-502,Adjustable Quick-Lock Dumbbells,Fitness & Outdoors,1,199.0,0.05,189.05,0.0,Credit Card,Organic Search,,Completed
SHP-5217,2023-10-28,CUST-1035,Sophia Robinson,Australia,Asia-Pacific,PROD-101,Aura Noise-Canceling Headphones,Electronics,1,179.99,0.0,179.99,0.0,Apple Pay,Organic Search,5,Completed
SHP-5218,2023-08-01,CUST-1217,Zoe White,Australia,Asia-Pacific,PROD-304,French Flax Linen Bedding Set,Home & Kitchen,1,185.0,0.05,175.75,0.0,Shopify Pay,Facebook / Instagram,4,Completed
SHP-5219,2024-02-18,CUST-1080,Hannah Johnson,Germany,Europe,PROD-501,High-Density Non-Slip Yoga Mat,Fitness & Outdoors,1,55.0,0.05,52.25,9.99,Shopify Pay,Email Campaign,5,Completed
SHP-5220,2023-01-30,CUST-1126,Isabella Jones,Australia,Asia-Pacific,PROD-103,Apex Ultra-Slim 4K Webcam,Electronics,3,89.0,0.0,267.0,0.0,Shopify Pay,Facebook / Instagram,4,Completed
SHP-5221,2023-01-07,CUST-1071,Sophia Robinson,Canada,North America,PROD-101,Aura Noise-Canceling Headphones,Electronics,1,179.99,0.2,143.99,0.0,Apple Pay,Facebook / Instagram,4,Completed
SHP-5222,2024-02-04,CUST-1138,Amelia Thomas,United States,North America,PROD-104,Pulse Smart Fitness Band,Electronics,2,69.99,0.0,139.98,0.0,Shopify Pay,Email Campaign,5,Completed
SHP-5223,2023-02-09,CUST-1255,Chloe Lee,United States,North America,PROD-401,Hydrating Botanical Face Serum,Beauty & Personal Care,1,38.0,0.0,38.0,9.99,Shopify Pay,Organic Search,5,Completed
SHP-5224,2023-03-01,CUST-1117,Olivia Wilson,United Kingdom,Europe,PROD-403,Exfoliating Bamboo Body Polish,Beauty & Personal Care,1,29.5,0.15,25.07,4.99,Credit Card,Google Ads,5,Completed
SHP-5225,2024-03-15,CUST-1019,William Lewis,Germany,Europe,PROD-501,High-Density Non-Slip Yoga Mat,Fitness & Outdoors,2,55.0,0.1,99.0,9.99,Credit Card,Google Ads,4,Completed
SHP-5226,2023-02-09,CUST-1191,Harper Moore,Germany,Europe,PROD-104,Pulse Smart Fitness Band,Electronics,1,69.99,0.2,55.99,4.99,Credit Card,Organic Search,3,Returned
SHP-5227,2024-03-19,CUST-1145,Noah Williams,Australia,Asia-Pacific,PROD-301,Ceramic Pour-Over Coffee Brewer,Home & Kitchen,1,42.5,0.05,40.38,4.99,Shopify Pay,Google Ads,4,Completed
SHP-5228,2023-07-08,CUST-1253,Matthew Moore,United States,North America,PROD-203,Tailored Technical Chino Pants,Apparel & Fashion,2,85.0,0.05,161.5,0.0,Shopify Pay,Email Campaign,,Completed
SHP-5229,2023-10-05,CUST-1178,Charlotte Miller,United States,North America,PROD-101,Aura Noise-Canceling Headphones,Electronics,3,179.99,0.0,539.97,0.0,Apple Pay,Facebook / Instagram,5,Completed
SHP-5230,2023-05-02,CUST-1215,Benjamin Martin,United States,North America,PROD-402,Vitamin C Brightening Moisturizer,Beauty & Personal Care,3,44.0,0.25,99.0,4.99,Shopify Pay,Email Campaign,5,Completed
SHP-5231,2023-12-25,CUST-1235,Henry Martinez,United Kingdom,Europe,PROD-103,Apex Ultra-Slim 4K Webcam,Electronics,1,89.0,0.05,84.55,9.99,Shopify Pay,Email Campaign,5,Completed
SHP-5232,2023-05-02,CUST-1150,Joseph Sanchez,France,Europe,PROD-205,Polarized Acetate Sunglasses,Apparel & Fashion,2,62.0,0.2,99.2,7.99,PayPal,Email Campaign,3,Completed
SHP-5233,2023-04-14,CUST-1070,David Martin,United States,North America,PROD-502,Adjustable Quick-Lock Dumbbells,Fitness & Outdoors,1,199.0,0.0,199.0,0.0,Shopify Pay,Google Ads,5,Completed
SHP-5234,2023-08-20,CUST-1158,Alexander Smith,United States,North America,PROD-401,Hydrating Botanical Face Serum,Beauty & Personal Care,1,38.0,0.0,38.0,4.99,Shopify Pay,Email Campaign,4,Completed
SHP-5235,2024-03-14,CUST-1168,Harper Hernandez,United States,North America,PROD-201,Eco-Weave Oversized Cotton Hoodie,Apparel & Fashion,1,74.0,0.0,74.0,7.99,Shopify Pay,Google Ads,4,Completed
SHP-5236,2023-07-27,CUST-1232,Chloe Jackson,Australia,Asia-Pacific,PROD-501,High-Density Non-Slip Yoga Mat,Fitness & Outdoors,2,55.0,0.0,110.0,0.0,Apple Pay,Facebook / Instagram,,Completed
SHP-5237,2024-03-01,CUST-1114,Daniel Ramirez,United States,North America,PROD-201,Eco-Weave Oversized Cotton Hoodie,Apparel & Fashion,1,74.0,0.0,74.0,9.99,PayPal,Facebook / Instagram,5,Completed
SHP-5238,2023-01-12,CUST-1034,Mia Gonzalez,United States,North America,PROD-203,Tailored Technical Chino Pants,Apparel & Fashion,3,85.0,0.0,255.0,0.0,Apple Pay,Organic Search,3,Completed
SHP-5239,2023-08-25,CUST-1026,Daniel Rodriguez,United Kingdom,Europe,PROD-202,Merino Wool Everyday Crewneck,Apparel & Fashion,3,98.0,0.0,294.0,0.0,Credit Card,Email Campaign,4,Completed
SHP-5240,2023-04-06,CUST-1141,Liam Smith,United States,North America,PROD-205,Polarized Acetate Sunglasses,Apparel & Fashion,1,62.0,0.0,62.0,9.99,Shopify Pay,Facebook / Instagram,5,Completed
SHP-5241,2023-02-01,CUST-1045,Ava Lee,United States,North America,PROD-205,Polarized Acetate Sunglasses,Apparel & Fashion,1,62.0,0.0,62.0,9.99,Credit Card,Direct,5,Completed
SHP-5242,2023-07-15,CUST-1184,Mia Perez,Germany,Europe,PROD-402,Vitamin C Brightening Moisturizer,Beauty & Personal Care,1,44.0,0.05,41.8,9.99,Credit Card,Facebook / Instagram,4,Completed
SHP-5243,2024-02-20,CUST-1144,Grace Wilson,Canada,North America,PROD-102,Nova Mechanical RGB Keyboard,Electronics,2,129.5,0.05,246.05,0.0,Credit Card,Google Ads,4,Completed
SHP-5244,2023-05-04,CUST-1137,Daniel Lee,Germany,Europe,PROD-501,High-Density Non-Slip Yoga Mat,Fitness & Outdoors,2,55.0,0.2,88.0,4.99,Klarna,Email Campaign,4,Completed
SHP-5245,2024-03-05,CUST-1089,Daniel Lee,France,Europe,PROD-202,Merino Wool Everyday Crewneck,Apparel & Fashion,1,98.0,0.0,98.0,9.99,Apple Pay,Email Campaign,4,Returned
SHP-5246,2023-10-16,CUST-1073,Lucas Gonzalez,France,Europe,PROD-502,Adjustable Quick-Lock Dumbbells,Fitness & Outdoors,3,199.0,0.15,507.45,0.0,Klarna,Email Campaign,3,Completed
SHP-5247,2023-01-29,CUST-1120,Mia Davis,United States,North America,PROD-503,Waterproof Trail Running Pack,Fitness & Outdoors,1,78.0,0.05,74.1,4.99,PayPal,Google Ads,4,Completed
SHP-5248,2024-02-15,CUST-1166,Zoe Sanchez,Australia,Asia-Pacific,PROD-102,Nova Mechanical RGB Keyboard,Electronics,1,129.5,0.05,123.02,0.0,PayPal,Direct,5,Completed
SHP-5249,2023-07-11,CUST-1203,James Martin,Germany,Europe,PROD-502,Adjustable Quick-Lock Dumbbells,Fitness & Outdoors,1,199.0,0.0,199.0,0.0,Shopify Pay,Organic Search,5,Completed
SHP-5250,2023-11-29,CUST-1183,Daniel Robinson,United States,North America,PROD-204,Minimalist Leather City Tote,Apparel & Fashion,1,145.0,0.15,123.25,0.0,PayPal,Google Ads,3,Completed
SHP-5251,2023-12-26,CUST-1201,Elijah Sanchez,United States,North America,PROD-502,Adjustable Quick-Lock Dumbbells,Fitness & Outdoors,1,199.0,0.1,179.1,0.0,Klarna,TikTok Influencer,5,Completed
SHP-5252,2023-03-14,CUST-1170,Ella Taylor,United States,North America,PROD-103,Apex Ultra-Slim 4K Webcam,Electronics,1,89.0,0.25,66.75,4.99,Klarna,Facebook / Instagram,5,Completed
SHP-5253,2023-06-21,CUST-1229,Alexander Wilson,United States,North America,PROD-101,Aura Noise-Canceling Headphones,Electronics,1,179.99,0.0,179.99,0.0,Shopify Pay,Organic Search,,Completed
SHP-5254,2023-07-17,CUST-1225,Elijah Rodriguez,United States,North America,PROD-305,Aromatherapy Ultrasonic Diffuser,Home & Kitchen,3,48.0,0.15,122.4,0.0,Credit Card,Facebook / Instagram,4,Completed
SHP-5255,2024-03-18,CUST-1116,Charlotte Martin,United States,North America,PROD-202,Merino Wool Everyday Crewneck,Apparel & Fashion,1,98.0,0.15,83.3,4.99,Shopify Pay,Google Ads,,Completed
SHP-5256,2023-03-29,CUST-1193,Samuel Jackson,Canada,North America,PROD-202,Merino Wool Everyday Crewneck,Apparel & Fashion,2,98.0,0.05,186.2,0.0,Shopify Pay,Direct,4,Completed
SHP-5257,2023-01-16,CUST-1221,Chloe Davis,Germany,Europe,PROD-202,Merino Wool Everyday Crewneck,Apparel & Fashion,1,98.0,0.0,98.0,4.99,Shopify Pay,Organic Search,5,Completed
SHP-5258,2024-01-09,CUST-1136,Sophia Thompson,United States,North America,PROD-301,Ceramic Pour-Over Coffee Brewer,Home & Kitchen,1,42.5,0.0,42.5,7.99,Apple Pay,Facebook / Instagram,4,Completed
SHP-5259,2023-05-31,CUST-1246,Emma Williams,United Kingdom,Europe,PROD-203,Tailored Technical Chino Pants,Apparel & Fashion,1,85.0,0.0,85.0,9.99,Shopify Pay,Google Ads,4,Completed
SHP-5260,2023-09-08,CUST-1136,Sophia Thompson,United States,North America,PROD-103,Apex Ultra-Slim 4K Webcam,Electronics,1,89.0,0.0,89.0,7.99,Credit Card,Direct,4,Completed
SHP-5261,2023-04-26,CUST-1138,Amelia Thomas,United States,North America,PROD-502,Adjustable Quick-Lock Dumbbells,Fitness & Outdoors,1,199.0,0.1,179.1,0.0,Shopify Pay,Email Campaign,5,Completed
SHP-5262,2023-10-29,CUST-1117,Olivia Wilson,United Kingdom,Europe,PROD-501,High-Density Non-Slip Yoga Mat,Fitness & Outdoors,1,55.0,0.0,55.0,9.99,Credit Card,Google Ads,5,Completed
SHP-5263,2023-09-01,CUST-1154,David Wilson,France,Europe,PROD-103,Apex Ultra-Slim 4K Webcam,Electronics,1,89.0,0.15,75.65,4.99,Apple Pay,Facebook / Instagram,5,Completed
SHP-5264,2023-03-03,CUST-1230,Evelyn Wilson,United States,North America,PROD-202,Merino Wool Everyday Crewneck,Apparel & Fashion,3,98.0,0.0,294.0,0.0,Shopify Pay,Organic Search,,Returned
SHP-5265,2023-12-16,CUST-1076,Elijah Williams,United States,North America,PROD-503,Waterproof Trail Running Pack,Fitness & Outdoors,1,78.0,0.2,62.4,4.99,Credit Card,Organic Search,5,Completed
SHP-5266,2024-03-23,CUST-1007,Emma Moore,United States,North America,PROD-503,Waterproof Trail Running Pack,Fitness & Outdoors,1,78.0,0.15,66.3,4.99,Shopify Pay,Google Ads,5,Completed
SHP-5267,2023-02-24,CUST-1052,Chloe Lee,United States,North America,PROD-301,Ceramic Pour-Over Coffee Brewer,Home & Kitchen,2,42.5,0.15,72.25,7.99,PayPal,Google Ads,4,Completed
SHP-5268,2023-07-26,CUST-1074,Ella Lopez,United States,North America,PROD-503,Waterproof Trail Running Pack,Fitness & Outdoors,1,78.0,0.1,70.2,4.99,Apple Pay,Google Ads,,Completed
SHP-5269,2023-09-01,CUST-1138,Amelia Thomas,United States,North America,PROD-303,Japanese Chef Damascus Knife 8-in,Home & Kitchen,1,115.0,0.15,97.75,7.99,Apple Pay,Google Ads,5,Completed
SHP-5270,2023-04-27,CUST-1069,Benjamin Garcia,United States,North America,PROD-301,Ceramic Pour-Over Coffee Brewer,Home & Kitchen,4,42.5,0.0,170.0,0.0,Shopify Pay,Direct,4,Completed
SHP-5271,2023-04-19,CUST-1209,Chloe Lewis,United States,North America,PROD-402,Vitamin C Brightening Moisturizer,Beauty & Personal Care,2,44.0,0.15,74.8,4.99,Shopify Pay,Facebook / Instagram,4,Completed
SHP-5272,2024-03-11,CUST-1015,Henry Martin,United States,North America,PROD-202,Merino Wool Everyday Crewneck,Apparel & Fashion,1,98.0,0.15,83.3,4.99,Credit Card,Google Ads,4,Completed
SHP-5273,2024-02-26,CUST-1238,Benjamin Sanchez,Canada,North America,PROD-403,Exfoliating Bamboo Body Polish,Beauty & Personal Care,1,29.5,0.2,23.6,9.99,Credit Card,Organic Search,5,Completed
SHP-5274,2023-10-28,CUST-1180,Joseph Sanchez,Canada,North America,PROD-303,Japanese Chef Damascus Knife 8-in,Home & Kitchen,1,115.0,0.15,97.75,9.99,Shopify Pay,Direct,,Returned
SHP-5275,2024-03-13,CUST-1110,Liam Jackson,United States,North America,PROD-204,Minimalist Leather City Tote,Apparel & Fashion,1,145.0,0.1,130.5,0.0,Credit Card,Google Ads,3,Returned
SHP-5276,2023-01-05,CUST-1243,Evelyn Robinson,United States,North America,PROD-201,Eco-Weave Oversized Cotton Hoodie,Apparel & Fashion,1,74.0,0.1,66.6,4.99,PayPal,Organic Search,5,Completed
SHP-5277,2023-05-21,CUST-1217,Zoe White,Australia,Asia-Pacific,PROD-304,French Flax Linen Bedding Set,Home & Kitchen,2,185.0,0.05,351.5,0.0,Shopify Pay,Organic Search,5,Completed
SHP-5278,2023-01-04,CUST-1192,Lucas Martinez,United States,North America,PROD-501,High-Density Non-Slip Yoga Mat,Fitness & Outdoors,1,55.0,0.1,49.5,7.99,Credit Card,Email Campaign,4,Completed
SHP-5279,2023-05-22,CUST-1134,Hannah Brown,United Kingdom,Europe,PROD-301,Ceramic Pour-Over Coffee Brewer,Home & Kitchen,1,42.5,0.05,40.38,4.99,Apple Pay,Direct,5,Completed
SHP-5280,2023-12-15,CUST-1014,Harper Brown,United States,North America,PROD-402,Vitamin C Brightening Moisturizer,Beauty & Personal Care,4,44.0,0.0,176.0,0.0,Credit Card,Google Ads,2,Returned
SHP-5281,2023-04-08,CUST-1176,Mia Wilson,Canada,North America,PROD-204,Minimalist Leather City Tote,Apparel & Fashion,2,145.0,0.1,261.0,0.0,Klarna,Facebook / Instagram,4,Completed
SHP-5282,2023-12-03,CUST-1093,Evelyn Jones,United States,North America,PROD-301,Ceramic Pour-Over Coffee Brewer,Home & Kitchen,1,42.5,0.0,42.5,7.99,Credit Card,Email Campaign,5,Completed
SHP-5283,2023-12-02,CUST-1182,Sophia Lopez,United States,North America,PROD-204,Minimalist Leather City Tote,Apparel & Fashion,2,145.0,0.0,290.0,0.0,Credit Card,Email Campaign,5,Completed
SHP-5284,2023-08-29,CUST-1028,Ella Garcia,Canada,North America,PROD-502,Adjustable Quick-Lock Dumbbells,Fitness & Outdoors,1,199.0,0.1,179.1,0.0,Shopify Pay,Facebook / Instagram,5,Completed
SHP-5285,2023-07-31,CUST-1028,Ella Garcia,Canada,North America,PROD-201,Eco-Weave Oversized Cotton Hoodie,Apparel & Fashion,1,74.0,0.0,74.0,7.99,Apple Pay,TikTok Influencer,5,Completed
SHP-5286,2023-04-03,CUST-1042,Harper Lopez,United States,North America,PROD-402,Vitamin C Brightening Moisturizer,Beauty & Personal Care,1,44.0,0.25,33.0,7.99,Shopify Pay,Facebook / Instagram,4,Completed
SHP-5287,2024-01-27,CUST-1082,Daniel Thomas,United States,North America,PROD-402,Vitamin C Brightening Moisturizer,Beauty & Personal Care,2,44.0,0.1,79.2,4.99,PayPal,Facebook / Instagram,4,Completed
SHP-5288,2023-01-20,CUST-1103,Harper Rodriguez,Australia,Asia-Pacific,PROD-303,Japanese Chef Damascus Knife 8-in,Home & Kitchen,3,115.0,0.15,293.25,0.0,Credit Card,Email Campaign,,Returned
SHP-5289,2024-01-11,CUST-1128,Henry Martinez,United States,North America,PROD-204,Minimalist Leather City Tote,Apparel & Fashion,2,145.0,0.0,290.0,0.0,Credit Card,Organic Search,5,Completed
SHP-5290,2023-06-02,CUST-1149,Liam Martinez,United States,North America,PROD-401,Hydrating Botanical Face Serum,Beauty & Personal Care,2,38.0,0.05,72.2,7.99,PayPal,Google Ads,4,Completed
SHP-5291,2024-01-20,CUST-1097,Liam Lee,France,Europe,PROD-202,Merino Wool Everyday Crewneck,Apparel & Fashion,3,98.0,0.2,235.2,0.0,Shopify Pay,Google Ads,5,Completed
SHP-5292,2023-10-29,CUST-1259,Charlotte Miller,United States,North America,PROD-202,Merino Wool Everyday Crewneck,Apparel & Fashion,1,98.0,0.1,88.2,4.99,PayPal,Google Ads,5,Completed
SHP-5293,2023-01-25,CUST-1056,Amelia Robinson,United States,North America,PROD-101,Aura Noise-Canceling Headphones,Electronics,1,179.99,0.0,179.99,0.0,Shopify Pay,Google Ads,4,Completed
SHP-5294,2023-12-18,CUST-1155,Matthew Jones,Australia,Asia-Pacific,PROD-305,Aromatherapy Ultrasonic Diffuser,Home & Kitchen,1,48.0,0.1,43.2,7.99,PayPal,Facebook / Instagram,5,Completed
SHP-5295,2023-11-13,CUST-1059,Henry Harris,United States,North America,PROD-104,Pulse Smart Fitness Band,Electronics,1,69.99,0.1,62.99,7.99,Klarna,Direct,4,Completed
SHP-5296,2023-10-08,CUST-1255,Chloe Lee,United States,North America,PROD-203,Tailored Technical Chino Pants,Apparel & Fashion,2,85.0,0.05,161.5,0.0,Shopify Pay,Organic Search,2,Returned
SHP-5297,2023-09-10,CUST-1077,Charlotte Moore,United States,North America,PROD-103,Apex Ultra-Slim 4K Webcam,Electronics,2,89.0,0.0,178.0,0.0,Apple Pay,Email Campaign,5,Completed
SHP-5298,2023-05-16,CUST-1238,Benjamin Sanchez,Canada,North America,PROD-102,Nova Mechanical RGB Keyboard,Electronics,1,129.5,0.0,129.5,0.0,Shopify Pay,Organic Search,5,Completed
SHP-5299,2023-02-18,CUST-1024,Evelyn Lee,Germany,Europe,PROD-101,Aura Noise-Canceling Headphones,Electronics,2,179.99,0.1,323.98,0.0,Credit Card,Organic Search,5,Completed
SHP-5300,2023-02-17,CUST-1191,Harper Moore,Germany,Europe,PROD-302,Stainless Insulated Thermal Bottle,Home & Kitchen,1,34.0,0.0,34.0,7.99,Credit Card,Google Ads,5,Completed
SHP-5301,2024-02-13,CUST-1086,Sophia Brown,United States,North America,PROD-104,Pulse Smart Fitness Band,Electronics,1,69.99,0.1,62.99,4.99,Apple Pay,Organic Search,4,Completed
SHP-5302,2023-11-09,CUST-1184,Mia Perez,Germany,Europe,PROD-503,Waterproof Trail Running Pack,Fitness & Outdoors,1,78.0,0.1,70.2,9.99,Shopify Pay,TikTok Influencer,4,Completed
SHP-5303,2023-01-24,CUST-1033,Elijah Clark,United States,North America,PROD-205,Polarized Acetate Sunglasses,Apparel & Fashion,1,62.0,0.0,62.0,9.99,PayPal,Facebook / Instagram,5,Completed
SHP-5304,2024-03-23,CUST-1174,Isabella Johnson,United States,North America,PROD-403,Exfoliating Bamboo Body Polish,Beauty & Personal Care,1,29.5,0.1,26.55,4.99,PayPal,Google Ads,5,Completed
SHP-5305,2023-03-18,CUST-1028,Ella Garcia,Canada,North America,PROD-101,Aura Noise-Canceling Headphones,Electronics,1,179.99,0.0,179.99,0.0,Apple Pay,Direct,,Completed
SHP-5306,2023-09-09,CUST-1165,Joseph Anderson,United States,North America,PROD-204,Minimalist Leather City Tote,Apparel & Fashion,1,145.0,0.0,145.0,0.0,Credit Card,Facebook / Instagram,3,Completed
SHP-5307,2023-08-16,CUST-1230,Evelyn Wilson,United States,North America,PROD-103,Apex Ultra-Slim 4K Webcam,Electronics,2,89.0,0.0,178.0,0.0,Credit Card,Organic Search,4,Completed
SHP-5308,2023-10-13,CUST-1001,Ella Brown,United States,North America,PROD-103,Apex Ultra-Slim 4K Webcam,Electronics,2,89.0,0.2,142.4,0.0,Apple Pay,Facebook / Instagram,4,Completed
SHP-5309,2023-06-24,CUST-1187,Harper Thompson,United States,North America,PROD-102,Nova Mechanical RGB Keyboard,Electronics,2,129.5,0.15,220.15,0.0,PayPal,Google Ads,4,Completed
SHP-5310,2023-08-20,CUST-1059,Henry Harris,United States,North America,PROD-104,Pulse Smart Fitness Band,Electronics,2,69.99,0.0,139.98,0.0,Apple Pay,Google Ads,5,Completed
SHP-5311,2023-12-26,CUST-1085,Samuel Thomas,Germany,Europe,PROD-402,Vitamin C Brightening Moisturizer,Beauty & Personal Care,1,44.0,0.1,39.6,9.99,Shopify Pay,Google Ads,5,Completed
SHP-5312,2023-04-21,CUST-1235,Henry Martinez,United Kingdom,Europe,PROD-203,Tailored Technical Chino Pants,Apparel & Fashion,2,85.0,0.0,170.0,0.0,Klarna,Google Ads,5,Completed
SHP-5313,2023-08-19,CUST-1235,Henry Martinez,United Kingdom,Europe,PROD-502,Adjustable Quick-Lock Dumbbells,Fitness & Outdoors,3,199.0,0.0,597.0,0.0,Credit Card,Facebook / Instagram,3,Returned
SHP-5314,2023-09-05,CUST-1091,Mia Sanchez,Germany,Europe,PROD-502,Adjustable Quick-Lock Dumbbells,Fitness & Outdoors,1,199.0,0.15,169.15,0.0,PayPal,Organic Search,5,Completed
SHP-5315,2023-08-03,CUST-1128,Henry Martinez,United States,North America,PROD-205,Polarized Acetate Sunglasses,Apparel & Fashion,1,62.0,0.0,62.0,7.99,Shopify Pay,Google Ads,5,Completed
SHP-5316,2023-06-03,CUST-1161,Matthew Sanchez,United States,North America,PROD-501,High-Density Non-Slip Yoga Mat,Fitness & Outdoors,1,55.0,0.0,55.0,9.99,PayPal,Email Campaign,5,Completed
SHP-5317,2023-04-02,CUST-1258,Ava Thomas,United Kingdom,Europe,PROD-501,High-Density Non-Slip Yoga Mat,Fitness & Outdoors,2,55.0,0.0,110.0,0.0,Credit Card,Organic Search,5,Completed
SHP-5318,2023-08-02,CUST-1147,Liam Clark,United States,North America,PROD-305,Aromatherapy Ultrasonic Diffuser,Home & Kitchen,2,48.0,0.05,91.2,4.99,Shopify Pay,Google Ads,3,Returned
SHP-5319,2023-05-27,CUST-1129,Zoe Moore,United Kingdom,Europe,PROD-201,Eco-Weave Oversized Cotton Hoodie,Apparel & Fashion,2,74.0,0.1,133.2,0.0,PayPal,Google Ads,1,Returned
SHP-5320,2024-03-20,CUST-1115,Noah Lewis,Canada,North America,PROD-501,High-Density Non-Slip Yoga Mat,Fitness & Outdoors,1,55.0,0.05,52.25,9.99,PayPal,Google Ads,5,Completed
SHP-5321,2023-12-17,CUST-1028,Ella Garcia,Canada,North America,PROD-101,Aura Noise-Canceling Headphones,Electronics,2,179.99,0.0,359.98,0.0,Apple Pay,Direct,5,Completed
SHP-5322,2023-12-30,CUST-1101,Sophia Ramirez,United States,North America,PROD-203,Tailored Technical Chino Pants,Apparel & Fashion,1,85.0,0.0,85.0,9.99,Klarna,Organic Search,3,Completed
SHP-5323,2023-05-23,CUST-1136,Sophia Thompson,United States,North America,PROD-201,Eco-Weave Oversized Cotton Hoodie,Apparel & Fashion,1,74.0,0.15,62.9,4.99,PayPal,Google Ads,4,Completed
SHP-5324,2023-01-27,CUST-1155,Matthew Jones,Australia,Asia-Pacific,PROD-402,Vitamin C Brightening Moisturizer,Beauty & Personal Care,2,44.0,0.05,83.6,4.99,Shopify Pay,Email Campaign,3,Completed
SHP-5325,2023-09-16,CUST-1082,Daniel Thomas,United States,North America,PROD-305,Aromatherapy Ultrasonic Diffuser,Home & Kitchen,1,48.0,0.0,48.0,7.99,Shopify Pay,Organic Search,4,Completed
SHP-5326,2024-01-21,CUST-1244,William Moore,United States,North America,PROD-501,High-Density Non-Slip Yoga Mat,Fitness & Outdoors,2,55.0,0.25,82.5,4.99,Credit Card,Organic Search,5,Completed
SHP-5327,2023-05-05,CUST-1021,Liam Perez,United States,North America,PROD-302,Stainless Insulated Thermal Bottle,Home & Kitchen,1,34.0,0.15,28.9,4.99,Credit Card,Google Ads,5,Completed
SHP-5328,2023-07-11,CUST-1229,Alexander Wilson,United States,North America,PROD-402,Vitamin C Brightening Moisturizer,Beauty & Personal Care,1,44.0,0.15,37.4,4.99,Shopify Pay,Google Ads,5,Completed
SHP-5329,2023-10-01,CUST-1004,Hannah Moore,United States,North America,PROD-103,Apex Ultra-Slim 4K Webcam,Electronics,1,89.0,0.1,80.1,4.99,Credit Card,Direct,5,Completed
SHP-5330,2024-01-15,CUST-1223,James Lee,United States,North America,PROD-103,Apex Ultra-Slim 4K Webcam,Electronics,2,89.0,0.0,178.0,0.0,Credit Card,Google Ads,,Completed
SHP-5331,2024-02-11,CUST-1129,Zoe Moore,United Kingdom,Europe,PROD-501,High-Density Non-Slip Yoga Mat,Fitness & Outdoors,1,55.0,0.15,46.75,7.99,Credit Card,Google Ads,4,Completed
SHP-5332,2023-03-02,CUST-1004,Hannah Moore,United States,North America,PROD-503,Waterproof Trail Running Pack,Fitness & Outdoors,1,78.0,0.1,70.2,4.99,Shopify Pay,Email Campaign,5,Completed
SHP-5333,2023-06-04,CUST-1045,Ava Lee,United States,North America,PROD-301,Ceramic Pour-Over Coffee Brewer,Home & Kitchen,2,42.5,0.0,85.0,7.99,Shopify Pay,Direct,5,Completed
SHP-5334,2024-02-12,CUST-1152,Daniel Davis,United Kingdom,Europe,PROD-201,Eco-Weave Oversized Cotton Hoodie,Apparel & Fashion,1,74.0,0.15,62.9,9.99,Klarna,Facebook / Instagram,1,Returned
SHP-5335,2023-01-22,CUST-1003,Matthew Brown,United Kingdom,Europe,PROD-502,Adjustable Quick-Lock Dumbbells,Fitness & Outdoors,1,199.0,0.05,189.05,0.0,Shopify Pay,TikTok Influencer,4,Completed
SHP-5336,2023-07-31,CUST-1073,Lucas Gonzalez,France,Europe,PROD-202,Merino Wool Everyday Crewneck,Apparel & Fashion,1,98.0,0.1,88.2,7.99,Shopify Pay,Organic Search,5,Completed
SHP-5337,2023-10-09,CUST-1237,Alexander Moore,United Kingdom,Europe,PROD-501,High-Density Non-Slip Yoga Mat,Fitness & Outdoors,1,55.0,0.1,49.5,7.99,PayPal,Organic Search,4,Completed
SHP-5338,2023-12-02,CUST-1146,Grace Lewis,United States,North America,PROD-503,Waterproof Trail Running Pack,Fitness & Outdoors,1,78.0,0.0,78.0,7.99,PayPal,Google Ads,5,Completed
SHP-5339,2023-07-06,CUST-1162,Oliver Sanchez,United Kingdom,Europe,PROD-305,Aromatherapy Ultrasonic Diffuser,Home & Kitchen,1,48.0,0.0,48.0,4.99,PayPal,Email Campaign,5,Completed
SHP-5340,2023-06-19,CUST-1246,Emma Williams,United Kingdom,Europe,PROD-401,Hydrating Botanical Face Serum,Beauty & Personal Care,1,38.0,0.1,34.2,7.99,Shopify Pay,Facebook / Instagram,5,Completed
SHP-5341,2023-03-13,CUST-1101,Sophia Ramirez,United States,North America,PROD-205,Polarized Acetate Sunglasses,Apparel & Fashion,2,62.0,0.1,111.6,0.0,Apple Pay,Email Campaign,5,Completed
SHP-5342,2023-10-24,CUST-1208,Emma Lewis,United Kingdom,Europe,PROD-502,Adjustable Quick-Lock Dumbbells,Fitness & Outdoors,1,199.0,0.0,199.0,0.0,Apple Pay,Google Ads,4,Completed
SHP-5343,2023-07-20,CUST-1115,Noah Lewis,Canada,North America,PROD-502,Adjustable Quick-Lock Dumbbells,Fitness & Outdoors,2,199.0,0.0,398.0,0.0,Credit Card,Facebook / Instagram,5,Completed
SHP-5344,2024-03-10,CUST-1085,Samuel Thomas,Germany,Europe,PROD-403,Exfoliating Bamboo Body Polish,Beauty & Personal Care,1,29.5,0.0,29.5,9.99,PayPal,TikTok Influencer,4,Completed
SHP-5345,2023-07-03,CUST-1021,Liam Perez,United States,North America,PROD-204,Minimalist Leather City Tote,Apparel & Fashion,2,145.0,0.0,290.0,0.0,Shopify Pay,Google Ads,5,Completed
SHP-5346,2023-07-18,CUST-1241,Mia Perez,United Kingdom,Europe,PROD-401,Hydrating Botanical Face Serum,Beauty & Personal Care,2,38.0,0.0,76.0,9.99,PayPal,Google Ads,5,Completed
SHP-5347,2023-05-15,CUST-1090,Noah Johnson,United States,North America,PROD-304,French Flax Linen Bedding Set,Home & Kitchen,1,185.0,0.0,185.0,0.0,Apple Pay,Facebook / Instagram,5,Completed
SHP-5348,2023-09-22,CUST-1208,Emma Lewis,United Kingdom,Europe,PROD-303,Japanese Chef Damascus Knife 8-in,Home & Kitchen,2,115.0,0.0,230.0,0.0,Apple Pay,Email Campaign,2,Returned
SHP-5349,2023-04-28,CUST-1040,Benjamin Moore,United States,North America,PROD-403,Exfoliating Bamboo Body Polish,Beauty & Personal Care,1,29.5,0.0,29.5,4.99,PayPal,Organic Search,4,Completed
SHP-5350,2023-06-19,CUST-1059,Henry Harris,United States,North America,PROD-402,Vitamin C Brightening Moisturizer,Beauty & Personal Care,1,44.0,0.05,41.8,9.99,Apple Pay,Organic Search,,Returned
SHP-5351,2023-10-21,CUST-1083,Ava White,Australia,Asia-Pacific,PROD-201,Eco-Weave Oversized Cotton Hoodie,Apparel & Fashion,1,74.0,0.0,74.0,9.99,Shopify Pay,Organic Search,4,Completed
SHP-5352,2023-10-16,CUST-1010,Samuel Ramirez,United States,North America,PROD-301,Ceramic Pour-Over Coffee Brewer,Home & Kitchen,3,42.5,0.0,127.5,0.0,Credit Card,Facebook / Instagram,4,Completed
SHP-5353,2023-03-15,CUST-1094,Isabella Anderson,United States,North America,PROD-503,Waterproof Trail Running Pack,Fitness & Outdoors,1,78.0,0.0,78.0,9.99,Klarna,Email Campaign,,Completed
SHP-5354,2023-07-13,CUST-1198,Lucas Taylor,United Kingdom,Europe,PROD-201,Eco-Weave Oversized Cotton Hoodie,Apparel & Fashion,1,74.0,0.0,74.0,9.99,Apple Pay,Email Campaign,5,Completed
SHP-5355,2023-11-04,CUST-1258,Ava Thomas,United Kingdom,Europe,PROD-104,Pulse Smart Fitness Band,Electronics,1,69.99,0.1,62.99,9.99,Shopify Pay,Facebook / Instagram,4,Completed
SHP-5356,2023-08-04,CUST-1190,Oliver Martin,Canada,North America,PROD-102,Nova Mechanical RGB Keyboard,Electronics,2,129.5,0.0,259.0,0.0,Credit Card,TikTok Influencer,5,Completed
SHP-5357,2024-01-25,CUST-1051,Hannah Moore,United Kingdom,Europe,PROD-305,Aromatherapy Ultrasonic Diffuser,Home & Kitchen,1,48.0,0.05,45.6,4.99,Shopify Pay,Direct,4,Completed
SHP-5358,2023-01-03,CUST-1004,Hannah Moore,United States,North America,PROD-502,Adjustable Quick-Lock Dumbbells,Fitness & Outdoors,1,199.0,0.05,189.05,0.0,Shopify Pay,Google Ads,3,Completed
SHP-5359,2023-08-07,CUST-1130,William Sanchez,United Kingdom,Europe,PROD-205,Polarized Acetate Sunglasses,Apparel & Fashion,2,62.0,0.0,124.0,0.0,Shopify Pay,Google Ads,4,Completed
SHP-5360,2024-02-06,CUST-1248,Liam Rodriguez,United States,North America,PROD-202,Merino Wool Everyday Crewneck,Apparel & Fashion,1,98.0,0.05,93.1,7.99,Credit Card,TikTok Influencer,4,Completed
SHP-5361,2024-03-18,CUST-1061,Emma Martin,United States,North America,PROD-204,Minimalist Leather City Tote,Apparel & Fashion,1,145.0,0.1,130.5,0.0,Shopify Pay,Organic Search,5,Completed
SHP-5362,2023-12-23,CUST-1027,Daniel Lee,United States,North America,PROD-202,Merino Wool Everyday Crewneck,Apparel & Fashion,1,98.0,0.1,88.2,4.99,Credit Card,Direct,4,Completed
SHP-5363,2023-07-09,CUST-1041,Charlotte Wilson,Australia,Asia-Pacific,PROD-503,Waterproof Trail Running Pack,Fitness & Outdoors,1,78.0,0.0,78.0,7.99,Credit Card,Facebook / Instagram,5,Completed
SHP-5364,2024-02-24,CUST-1090,Noah Johnson,United States,North America,PROD-402,Vitamin C Brightening Moisturizer,Beauty & Personal Care,1,44.0,0.0,44.0,9.99,Credit Card,TikTok Influencer,5,Completed
SHP-5365,2023-12-24,CUST-1087,Alexander Lopez,United States,North America,PROD-102,Nova Mechanical RGB Keyboard,Electronics,1,129.5,0.1,116.55,0.0,Shopify Pay,TikTok Influencer,5,Completed
SHP-5366,2023-07-27,CUST-1103,Harper Rodriguez,Australia,Asia-Pacific,PROD-403,Exfoliating Bamboo Body Polish,Beauty & Personal Care,1,29.5,0.1,26.55,4.99,PayPal,Facebook / Instagram,4,Completed
SHP-5367,2024-02-22,CUST-1142,Ava Lee,France,Europe,PROD-204,Minimalist Leather City Tote,Apparel & Fashion,1,145.0,0.0,145.0,0.0,Credit Card,TikTok Influencer,3,Completed
SHP-5368,2023-02-07,CUST-1258,Ava Thomas,United Kingdom,Europe,PROD-301,Ceramic Pour-Over Coffee Brewer,Home & Kitchen,1,42.5,0.0,42.5,9.99,Apple Pay,TikTok Influencer,5,Completed
SHP-5369,2023-07-13,CUST-1248,Liam Rodriguez,United States,North America,PROD-204,Minimalist Leather City Tote,Apparel & Fashion,2,145.0,0.2,232.0,0.0,Credit Card,Google Ads,,Completed
SHP-5370,2023-03-01,CUST-1133,Hannah Jones,United States,North America,PROD-103,Apex Ultra-Slim 4K Webcam,Electronics,1,89.0,0.15,75.65,4.99,Shopify Pay,Email Campaign,5,Completed
SHP-5371,2023-01-05,CUST-1135,Ava Rodriguez,United States,North America,PROD-204,Minimalist Leather City Tote,Apparel & Fashion,1,145.0,0.0,145.0,0.0,Credit Card,Email Campaign,4,Completed
SHP-5372,2023-04-22,CUST-1138,Amelia Thomas,United States,North America,PROD-202,Merino Wool Everyday Crewneck,Apparel & Fashion,3,98.0,0.1,264.6,0.0,Credit Card,Direct,5,Completed
SHP-5373,2023-04-16,CUST-1118,Charlotte Taylor,United States,North America,PROD-203,Tailored Technical Chino Pants,Apparel & Fashion,2,85.0,0.15,144.5,0.0,PayPal,Google Ads,,Completed
SHP-5374,2023-12-06,CUST-1004,Hannah Moore,United States,North America,PROD-501,High-Density Non-Slip Yoga Mat,Fitness & Outdoors,3,55.0,0.15,140.25,0.0,Shopify Pay,Google Ads,5,Completed
SHP-5375,2023-05-21,CUST-1252,Zoe Williams,United States,North America,PROD-202,Merino Wool Everyday Crewneck,Apparel & Fashion,4,98.0,0.2,313.6,0.0,Shopify Pay,Google Ads,,Completed
SHP-5376,2024-02-14,CUST-1217,Zoe White,Australia,Asia-Pacific,PROD-402,Vitamin C Brightening Moisturizer,Beauty & Personal Care,3,44.0,0.0,132.0,0.0,Apple Pay,Google Ads,4,Completed
SHP-5377,2023-09-23,CUST-1236,David Lewis,France,Europe,PROD-302,Stainless Insulated Thermal Bottle,Home & Kitchen,2,34.0,0.0,68.0,4.99,Shopify Pay,Google Ads,4,Completed
SHP-5378,2023-05-15,CUST-1122,Evelyn Hernandez,Australia,Asia-Pacific,PROD-205,Polarized Acetate Sunglasses,Apparel & Fashion,1,62.0,0.1,55.8,7.99,Credit Card,Organic Search,4,Completed
SHP-5379,2023-07-25,CUST-1144,Grace Wilson,Canada,North America,PROD-401,Hydrating Botanical Face Serum,Beauty & Personal Care,1,38.0,0.0,38.0,9.99,Apple Pay,Email Campaign,5,Completed
SHP-5380,2024-03-14,CUST-1196,Samuel Lewis,France,Europe,PROD-203,Tailored Technical Chino Pants,Apparel & Fashion,1,85.0,0.2,68.0,4.99,Shopify Pay,Facebook / Instagram,5,Completed
SHP-5381,2023-11-19,CUST-1162,Oliver Sanchez,United Kingdom,Europe,PROD-402,Vitamin C Brightening Moisturizer,Beauty & Personal Care,1,44.0,0.05,41.8,9.99,Shopify Pay,Organic Search,4,Completed
SHP-5382,2024-03-05,CUST-1050,Daniel White,United States,North America,PROD-401,Hydrating Botanical Face Serum,Beauty & Personal Care,2,38.0,0.0,76.0,7.99,Klarna,Facebook / Instagram,,Completed
SHP-5383,2023-03-04,CUST-1180,Joseph Sanchez,Canada,North America,PROD-503,Waterproof Trail Running Pack,Fitness & Outdoors,1,78.0,0.05,74.1,9.99,Klarna,Facebook / Instagram,5,Completed
SHP-5384,2024-02-01,CUST-1229,Alexander Wilson,United States,North America,PROD-103,Apex Ultra-Slim 4K Webcam,Electronics,1,89.0,0.0,89.0,9.99,Apple Pay,TikTok Influencer,4,Completed
SHP-5385,2023-11-10,CUST-1037,Ella Thomas,United States,North America,PROD-103,Apex Ultra-Slim 4K Webcam,Electronics,1,89.0,0.0,89.0,7.99,PayPal,Facebook / Instagram,5,Completed
SHP-5386,2024-02-04,CUST-1186,Lucas Perez,United States,North America,PROD-502,Adjustable Quick-Lock Dumbbells,Fitness & Outdoors,1,199.0,0.05,189.05,0.0,Apple Pay,Organic Search,4,Completed
SHP-5387,2024-01-16,CUST-1041,Charlotte Wilson,Australia,Asia-Pacific,PROD-203,Tailored Technical Chino Pants,Apparel & Fashion,1,85.0,0.0,85.0,4.99,Credit Card,TikTok Influencer,2,Returned
SHP-5388,2023-02-12,CUST-1054,Emma White,Australia,Asia-Pacific,PROD-205,Polarized Acetate Sunglasses,Apparel & Fashion,1,62.0,0.0,62.0,7.99,Shopify Pay,Google Ads,4,Completed
SHP-5389,2024-03-05,CUST-1088,Evelyn Ramirez,United Kingdom,Europe,PROD-101,Aura Noise-Canceling Headphones,Electronics,1,179.99,0.0,179.99,0.0,Apple Pay,Direct,5,Completed
SHP-5390,2023-10-08,CUST-1228,Ava Thompson,United States,North America,PROD-201,Eco-Weave Oversized Cotton Hoodie,Apparel & Fashion,3,74.0,0.1,199.8,0.0,Credit Card,Organic Search,5,Completed
SHP-5391,2023-09-26,CUST-1159,Joseph Hernandez,Germany,Europe,PROD-303,Japanese Chef Damascus Knife 8-in,Home & Kitchen,1,115.0,0.0,115.0,0.0,Shopify Pay,Organic Search,3,Completed
SHP-5392,2023-09-25,CUST-1070,David Martin,United States,North America,PROD-303,Japanese Chef Damascus Knife 8-in,Home & Kitchen,1,115.0,0.05,109.25,0.0,Credit Card,Email Campaign,5,Completed
SHP-5393,2024-02-13,CUST-1150,Joseph Sanchez,France,Europe,PROD-503,Waterproof Trail Running Pack,Fitness & Outdoors,1,78.0,0.0,78.0,7.99,Apple Pay,Organic Search,5,Completed
SHP-5394,2023-11-27,CUST-1194,Mia Anderson,United States,North America,PROD-204,Minimalist Leather City Tote,Apparel & Fashion,1,145.0,0.0,145.0,0.0,PayPal,Organic Search,5,Completed
SHP-5395,2023-05-26,CUST-1138,Amelia Thomas,United States,North America,PROD-305,Aromatherapy Ultrasonic Diffuser,Home & Kitchen,1,48.0,0.0,48.0,4.99,PayPal,Google Ads,5,Completed
SHP-5396,2023-04-07,CUST-1165,Joseph Anderson,United States,North America,PROD-101,Aura Noise-Canceling Headphones,Electronics,1,179.99,0.2,143.99,0.0,Klarna,Organic Search,4,Completed
SHP-5397,2023-01-05,CUST-1120,Mia Davis,United States,North America,PROD-103,Apex Ultra-Slim 4K Webcam,Electronics,1,89.0,0.05,84.55,7.99,Apple Pay,Google Ads,5,Completed
SHP-5398,2023-01-17,CUST-1170,Ella Taylor,United States,North America,PROD-103,Apex Ultra-Slim 4K Webcam,Electronics,2,89.0,0.2,142.4,0.0,PayPal,Organic Search,4,Completed
SHP-5399,2024-03-06,CUST-1129,Zoe Moore,United Kingdom,Europe,PROD-304,French Flax Linen Bedding Set,Home & Kitchen,2,185.0,0.0,370.0,0.0,Shopify Pay,Email Campaign,5,Completed
SHP-5400,2023-01-18,CUST-1102,Liam Garcia,United States,North America,PROD-401,Hydrating Botanical Face Serum,Beauty & Personal Care,2,38.0,0.0,76.0,9.99,Credit Card,TikTok Influencer,4,Completed
SHP-5401,2023-11-19,CUST-1063,Hannah Clark,Germany,Europe,PROD-205,Polarized Acetate Sunglasses,Apparel & Fashion,1,62.0,0.0,62.0,7.99,Apple Pay,Direct,5,Completed
SHP-5402,2023-06-16,CUST-1008,Ella Thompson,Canada,North America,PROD-202,Merino Wool Everyday Crewneck,Apparel & Fashion,2,98.0,0.05,186.2,0.0,Shopify Pay,Google Ads,5,Completed
SHP-5403,2023-12-19,CUST-1191,Harper Moore,Germany,Europe,PROD-103,Apex Ultra-Slim 4K Webcam,Electronics,1,89.0,0.05,84.55,9.99,Klarna,Facebook / Instagram,3,Completed
SHP-5404,2023-11-27,CUST-1055,Isabella Taylor,United Kingdom,Europe,PROD-201,Eco-Weave Oversized Cotton Hoodie,Apparel & Fashion,1,74.0,0.0,74.0,9.99,PayPal,Email Campaign,4,Completed
SHP-5405,2023-12-19,CUST-1069,Benjamin Garcia,United States,North America,PROD-205,Polarized Acetate Sunglasses,Apparel & Fashion,2,62.0,0.05,117.8,0.0,Shopify Pay,Google Ads,4,Completed
SHP-5406,2023-06-28,CUST-1166,Zoe Sanchez,Australia,Asia-Pacific,PROD-401,Hydrating Botanical Face Serum,Beauty & Personal Care,1,38.0,0.15,32.3,9.99,Credit Card,Organic Search,5,Completed
SHP-5407,2023-08-21,CUST-1001,Ella Brown,United States,North America,PROD-403,Exfoliating Bamboo Body Polish,Beauty & Personal Care,1,29.5,0.0,29.5,4.99,Credit Card,Facebook / Instagram,3,Completed
SHP-5408,2023-10-03,CUST-1199,William Hernandez,United States,North America,PROD-203,Tailored Technical Chino Pants,Apparel & Fashion,1,85.0,0.05,80.75,9.99,Shopify Pay,Organic Search,3,Completed
SHP-5409,2023-12-04,CUST-1067,Chloe Moore,United Kingdom,Europe,PROD-202,Merino Wool Everyday Crewneck,Apparel & Fashion,2,98.0,0.0,196.0,0.0,Shopify Pay,Facebook / Instagram,5,Completed
SHP-5410,2023-09-27,CUST-1132,Lucas Robinson,United Kingdom,Europe,PROD-102,Nova Mechanical RGB Keyboard,Electronics,1,129.5,0.1,116.55,0.0,Klarna,Organic Search,5,Completed
SHP-5411,2023-02-10,CUST-1240,Alexander Thomas,United States,North America,PROD-102,Nova Mechanical RGB Keyboard,Electronics,1,129.5,0.1,116.55,0.0,Apple Pay,Direct,,Completed
SHP-5412,2023-11-12,CUST-1021,Liam Perez,United States,North America,PROD-103,Apex Ultra-Slim 4K Webcam,Electronics,2,89.0,0.0,178.0,0.0,Credit Card,Organic Search,4,Completed
SHP-5413,2023-04-09,CUST-1128,Henry Martinez,United States,North America,PROD-502,Adjustable Quick-Lock Dumbbells,Fitness & Outdoors,1,199.0,0.0,199.0,0.0,Credit Card,Email Campaign,4,Completed
SHP-5414,2023-08-23,CUST-1219,Evelyn Lewis,United States,North America,PROD-104,Pulse Smart Fitness Band,Electronics,1,69.99,0.0,69.99,7.99,PayPal,Facebook / Instagram,5,Completed
SHP-5415,2023-06-11,CUST-1167,Elijah Smith,United Kingdom,Europe,PROD-303,Japanese Chef Damascus Knife 8-in,Home & Kitchen,1,115.0,0.1,103.5,0.0,Credit Card,Direct,4,Completed
SHP-5416,2023-10-09,CUST-1131,Emma Perez,Germany,Europe,PROD-303,Japanese Chef Damascus Knife 8-in,Home & Kitchen,3,115.0,0.0,345.0,0.0,PayPal,Google Ads,5,Completed
SHP-5417,2024-03-31,CUST-1155,Matthew Jones,Australia,Asia-Pacific,PROD-101,Aura Noise-Canceling Headphones,Electronics,1,179.99,0.0,179.99,0.0,Shopify Pay,Direct,4,Completed
SHP-5418,2023-10-11,CUST-1080,Hannah Johnson,Germany,Europe,PROD-104,Pulse Smart Fitness Band,Electronics,1,69.99,0.0,69.99,4.99,Apple Pay,Google Ads,4,Completed
SHP-5419,2023-10-20,CUST-1205,Ella Jackson,United States,North America,PROD-502,Adjustable Quick-Lock Dumbbells,Fitness & Outdoors,3,199.0,0.1,537.3,0.0,Apple Pay,Email Campaign,5,Completed
SHP-5420,2023-10-23,CUST-1049,Benjamin Ramirez,Australia,Asia-Pacific,PROD-503,Waterproof Trail Running Pack,Fitness & Outdoors,1,78.0,0.0,78.0,9.99,Apple Pay,Google Ads,5,Completed
SHP-5421,2023-08-11,CUST-1214,Evelyn Perez,Canada,North America,PROD-104,Pulse Smart Fitness Band,Electronics,2,69.99,0.0,139.98,0.0,PayPal,Facebook / Instagram,1,Returned
SHP-5422,2023-06-06,CUST-1022,Lucas Williams,Germany,Europe,PROD-302,Stainless Insulated Thermal Bottle,Home & Kitchen,1,34.0,0.0,34.0,9.99,Shopify Pay,Email Campaign,5,Completed
SHP-5423,2024-01-21,CUST-1259,Charlotte Miller,United States,North America,PROD-103,Apex Ultra-Slim 4K Webcam,Electronics,1,89.0,0.0,89.0,7.99,Credit Card,Organic Search,5,Completed
SHP-5424,2023-05-15,CUST-1044,Chloe Johnson,Germany,Europe,PROD-304,French Flax Linen Bedding Set,Home & Kitchen,1,185.0,0.1,166.5,0.0,Shopify Pay,Organic Search,5,Completed
SHP-5425,2023-04-11,CUST-1127,Hannah Williams,Australia,Asia-Pacific,PROD-204,Minimalist Leather City Tote,Apparel & Fashion,1,145.0,0.1,130.5,0.0,Klarna,Google Ads,2,Returned
SHP-5426,2023-06-28,CUST-1098,Zoe Smith,France,Europe,PROD-302,Stainless Insulated Thermal Bottle,Home & Kitchen,1,34.0,0.1,30.6,7.99,Credit Card,Organic Search,5,Completed
SHP-5427,2023-08-14,CUST-1023,David Brown,United States,North America,PROD-204,Minimalist Leather City Tote,Apparel & Fashion,1,145.0,0.0,145.0,0.0,Apple Pay,Email Campaign,,Completed
SHP-5428,2023-11-14,CUST-1148,Benjamin Jones,United States,North America,PROD-101,Aura Noise-Canceling Headphones,Electronics,1,179.99,0.15,152.99,0.0,Credit Card,Google Ads,4,Completed
SHP-5429,2023-10-07,CUST-1133,Hannah Jones,United States,North America,PROD-501,High-Density Non-Slip Yoga Mat,Fitness & Outdoors,1,55.0,0.1,49.5,4.99,PayPal,Email Campaign,5,Completed
SHP-5430,2023-05-11,CUST-1088,Evelyn Ramirez,United Kingdom,Europe,PROD-102,Nova Mechanical RGB Keyboard,Electronics,1,129.5,0.15,110.08,0.0,Shopify Pay,Facebook / Instagram,,Completed
SHP-5431,2023-07-18,CUST-1139,Joseph Ramirez,United States,North America,PROD-303,Japanese Chef Damascus Knife 8-in,Home & Kitchen,2,115.0,0.0,230.0,0.0,PayPal,Direct,5,Completed
SHP-5432,2023-02-20,CUST-1162,Oliver Sanchez,United Kingdom,Europe,PROD-402,Vitamin C Brightening Moisturizer,Beauty & Personal Care,2,44.0,0.05,83.6,4.99,Klarna,Organic Search,3,Completed
SHP-5433,2023-09-29,CUST-1157,Samuel Sanchez,United States,North America,PROD-302,Stainless Insulated Thermal Bottle,Home & Kitchen,1,34.0,0.1,30.6,4.99,Credit Card,Google Ads,5,Completed
SHP-5434,2023-09-14,CUST-1142,Ava Lee,France,Europe,PROD-102,Nova Mechanical RGB Keyboard,Electronics,1,129.5,0.15,110.08,0.0,Apple Pay,Direct,1,Returned
SHP-5435,2023-03-19,CUST-1175,Alexander Lopez,United Kingdom,Europe,PROD-304,French Flax Linen Bedding Set,Home & Kitchen,1,185.0,0.0,185.0,0.0,Klarna,Google Ads,4,Completed
SHP-5436,2023-05-04,CUST-1079,Ella Johnson,United States,North America,PROD-305,Aromatherapy Ultrasonic Diffuser,Home & Kitchen,4,48.0,0.2,153.6,0.0,Credit Card,Google Ads,5,Completed
SHP-5437,2024-02-14,CUST-1104,Samuel Anderson,United States,North America,PROD-201,Eco-Weave Oversized Cotton Hoodie,Apparel & Fashion,1,74.0,0.1,66.6,9.99,Credit Card,Direct,5,Completed
SHP-5438,2023-10-17,CUST-1081,Olivia Taylor,United States,North America,PROD-302,Stainless Insulated Thermal Bottle,Home & Kitchen,1,34.0,0.05,32.3,9.99,Shopify Pay,Organic Search,5,Completed
SHP-5439,2024-03-26,CUST-1212,Benjamin Davis,Australia,Asia-Pacific,PROD-305,Aromatherapy Ultrasonic Diffuser,Home & Kitchen,1,48.0,0.1,43.2,9.99,Shopify Pay,TikTok Influencer,4,Completed
SHP-5440,2024-01-26,CUST-1137,Daniel Lee,Germany,Europe,PROD-503,Waterproof Trail Running Pack,Fitness & Outdoors,1,78.0,0.0,78.0,4.99,Shopify Pay,Organic Search,4,Completed
SHP-5441,2024-03-09,CUST-1241,Mia Perez,United Kingdom,Europe,PROD-303,Japanese Chef Damascus Knife 8-in,Home & Kitchen,1,115.0,0.0,115.0,0.0,Shopify Pay,Facebook / Instagram,5,Completed
SHP-5442,2023-05-19,CUST-1212,Benjamin Davis,Australia,Asia-Pacific,PROD-204,Minimalist Leather City Tote,Apparel & Fashion,2,145.0,0.25,217.5,0.0,Shopify Pay,Email Campaign,5,Completed
SHP-5443,2023-09-08,CUST-1167,Elijah Smith,United Kingdom,Europe,PROD-401,Hydrating Botanical Face Serum,Beauty & Personal Care,2,38.0,0.0,76.0,4.99,Apple Pay,Facebook / Instagram,5,Completed
SHP-5444,2023-10-20,CUST-1020,Charlotte Miller,United Kingdom,Europe,PROD-403,Exfoliating Bamboo Body Polish,Beauty & Personal Care,1,29.5,0.05,28.02,4.99,Shopify Pay,Direct,3,Completed
SHP-5445,2023-07-18,CUST-1026,Daniel Rodriguez,United Kingdom,Europe,PROD-203,Tailored Technical Chino Pants,Apparel & Fashion,1,85.0,0.0,85.0,7.99,Shopify Pay,Email Campaign,5,Completed
SHP-5446,2023-12-20,CUST-1073,Lucas Gonzalez,France,Europe,PROD-401,Hydrating Botanical Face Serum,Beauty & Personal Care,2,38.0,0.05,72.2,9.99,Shopify Pay,Facebook / Instagram,5,Completed
SHP-5447,2023-07-21,CUST-1212,Benjamin Davis,Australia,Asia-Pacific,PROD-302,Stainless Insulated Thermal Bottle,Home & Kitchen,1,34.0,0.0,34.0,9.99,Apple Pay,Direct,4,Completed
SHP-5448,2023-11-29,CUST-1084,Charlotte Jackson,United States,North America,PROD-104,Pulse Smart Fitness Band,Electronics,1,69.99,0.1,62.99,9.99,Credit Card,Google Ads,5,Completed
SHP-5449,2023-03-23,CUST-1194,Mia Anderson,United States,North America,PROD-501,High-Density Non-Slip Yoga Mat,Fitness & Outdoors,1,55.0,0.1,49.5,7.99,PayPal,Facebook / Instagram,4,Completed
SHP-5450,2023-12-31,CUST-1158,Alexander Smith,United States,North America,PROD-301,Ceramic Pour-Over Coffee Brewer,Home & Kitchen,2,42.5,0.2,68.0,7.99,Shopify Pay,Facebook / Instagram,5,Completed
SHP-5451,2023-05-10,CUST-1007,Emma Moore,United States,North America,PROD-401,Hydrating Botanical Face Serum,Beauty & Personal Care,1,38.0,0.05,36.1,4.99,Credit Card,Facebook / Instagram,4,Completed
SHP-5452,2023-08-15,CUST-1041,Charlotte Wilson,Australia,Asia-Pacific,PROD-503,Waterproof Trail Running Pack,Fitness & Outdoors,1,78.0,0.0,78.0,9.99,PayPal,Google Ads,4,Completed
SHP-5453,2023-01-29,CUST-1179,Grace Wilson,United States,North America,PROD-102,Nova Mechanical RGB Keyboard,Electronics,1,129.5,0.0,129.5,0.0,PayPal,Facebook / Instagram,3,Completed
SHP-5454,2023-04-02,CUST-1083,Ava White,Australia,Asia-Pacific,PROD-301,Ceramic Pour-Over Coffee Brewer,Home & Kitchen,1,42.5,0.1,38.25,9.99,Credit Card,Facebook / Instagram,4,Completed
SHP-5455,2023-01-19,CUST-1048,Evelyn Taylor,United States,North America,PROD-301,Ceramic Pour-Over Coffee Brewer,Home & Kitchen,1,42.5,0.15,36.12,4.99,Apple Pay,Email Campaign,4,Completed
SHP-5456,2024-03-16,CUST-1141,Liam Smith,United States,North America,PROD-302,Stainless Insulated Thermal Bottle,Home & Kitchen,1,34.0,0.05,32.3,9.99,Shopify Pay,Organic Search,5,Completed
SHP-5457,2023-02-14,CUST-1248,Liam Rodriguez,United States,North America,PROD-503,Waterproof Trail Running Pack,Fitness & Outdoors,3,78.0,0.25,175.5,0.0,PayPal,Google Ads,5,Completed
SHP-5458,2023-07-01,CUST-1067,Chloe Moore,United Kingdom,Europe,PROD-503,Waterproof Trail Running Pack,Fitness & Outdoors,1,78.0,0.05,74.1,9.99,Apple Pay,Facebook / Instagram,4,Completed
SHP-5459,2023-04-10,CUST-1001,Ella Brown,United States,North America,PROD-104,Pulse Smart Fitness Band,Electronics,1,69.99,0.1,62.99,4.99,Shopify Pay,Email Campaign,3,Completed
SHP-5460,2023-06-29,CUST-1109,Liam White,United States,North America,PROD-101,Aura Noise-Canceling Headphones,Electronics,1,179.99,0.1,161.99,0.0,Shopify Pay,Google Ads,5,Completed
SHP-5461,2023-02-28,CUST-1171,Zoe Moore,United States,North America,PROD-302,Stainless Insulated Thermal Bottle,Home & Kitchen,1,34.0,0.05,32.3,4.99,Shopify Pay,Direct,4,Completed
SHP-5462,2023-08-31,CUST-1019,William Lewis,Germany,Europe,PROD-201,Eco-Weave Oversized Cotton Hoodie,Apparel & Fashion,1,74.0,0.1,66.6,9.99,Credit Card,Direct,3,Completed
SHP-5463,2023-09-24,CUST-1154,David Wilson,France,Europe,PROD-502,Adjustable Quick-Lock Dumbbells,Fitness & Outdoors,2,199.0,0.0,398.0,0.0,Shopify Pay,Facebook / Instagram,5,Completed
SHP-5464,2023-07-01,CUST-1034,Mia Gonzalez,United States,North America,PROD-201,Eco-Weave Oversized Cotton Hoodie,Apparel & Fashion,1,74.0,0.0,74.0,7.99,Apple Pay,Facebook / Instagram,5,Completed
SHP-5465,2024-03-18,CUST-1158,Alexander Smith,United States,North America,PROD-302,Stainless Insulated Thermal Bottle,Home & Kitchen,2,34.0,0.0,68.0,4.99,Shopify Pay,Facebook / Instagram,4,Completed
SHP-5466,2023-06-04,CUST-1090,Noah Johnson,United States,North America,PROD-104,Pulse Smart Fitness Band,Electronics,1,69.99,0.0,69.99,4.99,Credit Card,Direct,2,Returned
SHP-5467,2023-04-08,CUST-1175,Alexander Lopez,United Kingdom,Europe,PROD-402,Vitamin C Brightening Moisturizer,Beauty & Personal Care,2,44.0,0.05,83.6,7.99,Apple Pay,Organic Search,5,Completed
SHP-5468,2023-03-09,CUST-1106,Benjamin Perez,United Kingdom,Europe,PROD-102,Nova Mechanical RGB Keyboard,Electronics,1,129.5,0.1,116.55,0.0,Shopify Pay,Facebook / Instagram,5,Completed
SHP-5469,2023-02-14,CUST-1171,Zoe Moore,United States,North America,PROD-401,Hydrating Botanical Face Serum,Beauty & Personal Care,2,38.0,0.0,76.0,9.99,Shopify Pay,Email Campaign,4,Completed
SHP-5470,2023-04-13,CUST-1099,Joseph Harris,Germany,Europe,PROD-301,Ceramic Pour-Over Coffee Brewer,Home & Kitchen,1,42.5,0.0,42.5,7.99,Shopify Pay,Email Campaign,5,Completed
SHP-5471,2023-10-14,CUST-1053,Lucas Wilson,United States,North America,PROD-203,Tailored Technical Chino Pants,Apparel & Fashion,1,85.0,0.05,80.75,7.99,PayPal,Organic Search,3,Completed
SHP-5472,2023-11-10,CUST-1228,Ava Thompson,United States,North America,PROD-102,Nova Mechanical RGB Keyboard,Electronics,1,129.5,0.05,123.02,0.0,Shopify Pay,Email Campaign,1,Returned
SHP-5473,2023-11-02,CUST-1229,Alexander Wilson,United States,North America,PROD-503,Waterproof Trail Running Pack,Fitness & Outdoors,1,78.0,0.0,78.0,4.99,PayPal,Email Campaign,5,Completed
SHP-5474,2023-08-27,CUST-1068,Ava Perez,United States,North America,PROD-103,Apex Ultra-Slim 4K Webcam,Electronics,2,89.0,0.2,142.4,0.0,Credit Card,Facebook / Instagram,4,Completed
SHP-5475,2023-04-29,CUST-1115,Noah Lewis,Canada,North America,PROD-201,Eco-Weave Oversized Cotton Hoodie,Apparel & Fashion,2,74.0,0.1,133.2,0.0,Credit Card,Direct,5,Completed
SHP-5476,2024-03-27,CUST-1167,Elijah Smith,United Kingdom,Europe,PROD-401,Hydrating Botanical Face Serum,Beauty & Personal Care,1,38.0,0.0,38.0,4.99,Credit Card,Google Ads,5,Completed
SHP-5477,2023-03-07,CUST-1053,Lucas Wilson,United States,North America,PROD-304,French Flax Linen Bedding Set,Home & Kitchen,2,185.0,0.15,314.5,0.0,PayPal,Google Ads,4,Completed
SHP-5478,2023-07-31,CUST-1123,Joseph Williams,United States,North America,PROD-503,Waterproof Trail Running Pack,Fitness & Outdoors,1,78.0,0.0,78.0,7.99,Credit Card,Google Ads,5,Completed
SHP-5479,2023-08-11,CUST-1176,Mia Wilson,Canada,North America,PROD-501,High-Density Non-Slip Yoga Mat,Fitness & Outdoors,2,55.0,0.0,110.0,0.0,PayPal,Email Campaign,3,Completed
SHP-5480,2023-11-02,CUST-1050,Daniel White,United States,North America,PROD-401,Hydrating Botanical Face Serum,Beauty & Personal Care,1,38.0,0.2,30.4,4.99,PayPal,Facebook / Instagram,4,Completed
SHP-5481,2023-11-27,CUST-1047,Harper Gonzalez,Canada,North America,PROD-203,Tailored Technical Chino Pants,Apparel & Fashion,2,85.0,0.15,144.5,0.0,PayPal,Direct,1,Returned
SHP-5482,2023-09-30,CUST-1150,Joseph Sanchez,France,Europe,PROD-304,French Flax Linen Bedding Set,Home & Kitchen,1,185.0,0.0,185.0,0.0,Apple Pay,Organic Search,5,Completed
SHP-5483,2023-08-11,CUST-1177,Amelia Brown,United States,North America,PROD-103,Apex Ultra-Slim 4K Webcam,Electronics,1,89.0,0.1,80.1,9.99,Shopify Pay,Google Ads,5,Completed
SHP-5484,2023-01-28,CUST-1001,Ella Brown,United States,North America,PROD-501,High-Density Non-Slip Yoga Mat,Fitness & Outdoors,2,55.0,0.0,110.0,0.0,Apple Pay,Direct,4,Completed
SHP-5485,2023-06-12,CUST-1196,Samuel Lewis,France,Europe,PROD-304,French Flax Linen Bedding Set,Home & Kitchen,1,185.0,0.05,175.75,0.0,Credit Card,Email Campaign,5,Completed
SHP-5486,2024-03-06,CUST-1214,Evelyn Perez,Canada,North America,PROD-201,Eco-Weave Oversized Cotton Hoodie,Apparel & Fashion,1,74.0,0.15,62.9,4.99,Shopify Pay,Organic Search,2,Returned
SHP-5487,2023-08-12,CUST-1070,David Martin,United States,North America,PROD-103,Apex Ultra-Slim 4K Webcam,Electronics,1,89.0,0.15,75.65,7.99,PayPal,Direct,4,Completed
SHP-5488,2023-08-06,CUST-1231,Zoe Wilson,United States,North America,PROD-304,French Flax Linen Bedding Set,Home & Kitchen,1,185.0,0.0,185.0,0.0,Credit Card,Facebook / Instagram,5,Completed
SHP-5489,2023-07-30,CUST-1188,Ava Miller,United States,North America,PROD-102,Nova Mechanical RGB Keyboard,Electronics,4,129.5,0.05,492.1,0.0,Shopify Pay,Email Campaign,4,Completed
SHP-5490,2024-01-10,CUST-1144,Grace Wilson,Canada,North America,PROD-401,Hydrating Botanical Face Serum,Beauty & Personal Care,1,38.0,0.05,36.1,9.99,Credit Card,Organic Search,3,Completed
SHP-5491,2023-11-21,CUST-1160,Alexander Sanchez,United Kingdom,Europe,PROD-503,Waterproof Trail Running Pack,Fitness & Outdoors,1,78.0,0.0,78.0,4.99,Credit Card,Facebook / Instagram,4,Completed
SHP-5492,2024-02-13,CUST-1151,Liam Lewis,United States,North America,PROD-301,Ceramic Pour-Over Coffee Brewer,Home & Kitchen,1,42.5,0.1,38.25,9.99,PayPal,Email Campaign,,Completed
SHP-5493,2023-08-31,CUST-1087,Alexander Lopez,United States,North America,PROD-502,Adjustable Quick-Lock Dumbbells,Fitness & Outdoors,1,199.0,0.25,149.25,0.0,PayPal,Email Campaign,5,Completed
SHP-5494,2024-03-11,CUST-1143,Oliver White,United States,North America,PROD-205,Polarized Acetate Sunglasses,Apparel & Fashion,1,62.0,0.0,62.0,7.99,Shopify Pay,Organic Search,4,Completed
SHP-5495,2023-08-17,CUST-1190,Oliver Martin,Canada,North America,PROD-202,Merino Wool Everyday Crewneck,Apparel & Fashion,1,98.0,0.1,88.2,7.99,Credit Card,Organic Search,4,Returned
SHP-5496,2023-11-01,CUST-1079,Ella Johnson,United States,North America,PROD-402,Vitamin C Brightening Moisturizer,Beauty & Personal Care,2,44.0,0.0,88.0,7.99,Credit Card,Organic Search,5,Completed
SHP-5497,2023-06-26,CUST-1028,Ella Garcia,Canada,North America,PROD-205,Polarized Acetate Sunglasses,Apparel & Fashion,2,62.0,0.0,124.0,0.0,Credit Card,Organic Search,5,Completed
SHP-5498,2023-09-30,CUST-1120,Mia Davis,United States,North America,PROD-304,French Flax Linen Bedding Set,Home & Kitchen,2,185.0,0.0,370.0,0.0,Credit Card,Google Ads,5,Completed
SHP-5499,2023-07-15,CUST-1162,Oliver Sanchez,United Kingdom,Europe,PROD-403,Exfoliating Bamboo Body Polish,Beauty & Personal Care,2,29.5,0.0,59.0,9.99,Klarna,Facebook / Instagram,5,Completed
SHP-5500,2023-06-21,CUST-1139,Joseph Ramirez,United States,North America,PROD-205,Polarized Acetate Sunglasses,Apparel & Fashion,2,62.0,0.0,124.0,0.0,Credit Card,Facebook / Instagram,5,Completed
SHP-5501,2024-01-30,CUST-1100,Oliver Wilson,Canada,North America,PROD-403,Exfoliating Bamboo Body Polish,Beauty & Personal Care,1,29.5,0.1,26.55,4.99,Shopify Pay,Google Ads,,Returned
SHP-5502,2023-07-30,CUST-1051,Hannah Moore,United Kingdom,Europe,PROD-403,Exfoliating Bamboo Body Polish,Beauty & Personal Care,1,29.5,0.0,29.5,4.99,Shopify Pay,Email Campaign,1,Returned
SHP-5503,2023-11-01,CUST-1112,Liam Taylor,United States,North America,PROD-503,Waterproof Trail Running Pack,Fitness & Outdoors,1,78.0,0.1,70.2,4.99,PayPal,Organic Search,5,Completed
SHP-5504,2024-02-16,CUST-1095,Joseph Williams,United States,North America,PROD-104,Pulse Smart Fitness Band,Electronics,2,69.99,0.0,139.98,0.0,Klarna,Facebook / Instagram,4,Completed
SHP-5505,2023-08-07,CUST-1166,Zoe Sanchez,Australia,Asia-Pacific,PROD-205,Polarized Acetate Sunglasses,Apparel & Fashion,1,62.0,0.0,62.0,4.99,Credit Card,Google Ads,1,Returned
SHP-5506,2023-08-14,CUST-1036,Hannah Thompson,United States,North America,PROD-402,Vitamin C Brightening Moisturizer,Beauty & Personal Care,4,44.0,0.0,176.0,0.0,PayPal,Google Ads,4,Completed
SHP-5507,2023-11-11,CUST-1227,Ava Davis,United States,North America,PROD-205,Polarized Acetate Sunglasses,Apparel & Fashion,1,62.0,0.0,62.0,9.99,PayPal,Email Campaign,2,Returned
SHP-5508,2023-01-01,CUST-1020,Charlotte Miller,United Kingdom,Europe,PROD-304,French Flax Linen Bedding Set,Home & Kitchen,1,185.0,0.1,166.5,0.0,Credit Card,Direct,4,Completed
SHP-5509,2023-08-12,CUST-1207,Elijah Jones,United Kingdom,Europe,PROD-103,Apex Ultra-Slim 4K Webcam,Electronics,1,89.0,0.0,89.0,9.99,Credit Card,Email Campaign,4,Completed
SHP-5510,2023-12-16,CUST-1029,Elijah Garcia,United States,North America,PROD-103,Apex Ultra-Slim 4K Webcam,Electronics,1,89.0,0.15,75.65,7.99,Credit Card,Organic Search,4,Completed
SHP-5511,2023-01-21,CUST-1197,Matthew Garcia,United Kingdom,Europe,PROD-203,Tailored Technical Chino Pants,Apparel & Fashion,1,85.0,0.0,85.0,4.99,Credit Card,Facebook / Instagram,2,Returned
SHP-5512,2023-03-13,CUST-1019,William Lewis,Germany,Europe,PROD-203,Tailored Technical Chino Pants,Apparel & Fashion,1,85.0,0.25,63.75,4.99,Shopify Pay,Facebook / Instagram,5,Completed
SHP-5513,2024-03-03,CUST-1231,Zoe Wilson,United States,North America,PROD-101,Aura Noise-Canceling Headphones,Electronics,1,179.99,0.0,179.99,0.0,Shopify Pay,Email Campaign,5,Completed
SHP-5514,2023-08-23,CUST-1077,Charlotte Moore,United States,North America,PROD-502,Adjustable Quick-Lock Dumbbells,Fitness & Outdoors,1,199.0,0.0,199.0,0.0,Credit Card,Email Campaign,2,Returned
SHP-5515,2023-05-05,CUST-1067,Chloe Moore,United Kingdom,Europe,PROD-101,Aura Noise-Canceling Headphones,Electronics,1,179.99,0.0,179.99,0.0,Apple Pay,Google Ads,5,Completed
SHP-5516,2024-02-23,CUST-1055,Isabella Taylor,United Kingdom,Europe,PROD-104,Pulse Smart Fitness Band,Electronics,1,69.99,0.15,59.49,4.99,Shopify Pay,Organic Search,5,Completed
SHP-5517,2023-07-25,CUST-1167,Elijah Smith,United Kingdom,Europe,PROD-104,Pulse Smart Fitness Band,Electronics,4,69.99,0.05,265.96,0.0,Apple Pay,Organic Search,5,Completed
SHP-5518,2023-06-21,CUST-1033,Elijah Clark,United States,North America,PROD-104,Pulse Smart Fitness Band,Electronics,1,69.99,0.1,62.99,4.99,Credit Card,Email Campaign,3,Completed
SHP-5519,2023-02-21,CUST-1193,Samuel Jackson,Canada,North America,PROD-202,Merino Wool Everyday Crewneck,Apparel & Fashion,1,98.0,0.05,93.1,4.99,Klarna,Organic Search,4,Completed
SHP-5520,2023-12-22,CUST-1244,William Moore,United States,North America,PROD-201,Eco-Weave Oversized Cotton Hoodie,Apparel & Fashion,1,74.0,0.1,66.6,9.99,Shopify Pay,Google Ads,5,Completed
SHP-5521,2024-01-03,CUST-1256,Emma Davis,United States,North America,PROD-503,Waterproof Trail Running Pack,Fitness & Outdoors,3,78.0,0.1,210.6,0.0,Credit Card,Email Campaign,1,Returned
SHP-5522,2023-09-29,CUST-1049,Benjamin Ramirez,Australia,Asia-Pacific,PROD-503,Waterproof Trail Running Pack,Fitness & Outdoors,1,78.0,0.1,70.2,9.99,Credit Card,Facebook / Instagram,3,Completed
SHP-5523,2023-02-27,CUST-1077,Charlotte Moore,United States,North America,PROD-402,Vitamin C Brightening Moisturizer,Beauty & Personal Care,1,44.0,0.0,44.0,4.99,Credit Card,Organic Search,5,Completed
SHP-5524,2024-03-31,CUST-1233,Emma Ramirez,Australia,Asia-Pacific,PROD-102,Nova Mechanical RGB Keyboard,Electronics,1,129.5,0.0,129.5,0.0,Shopify Pay,Facebook / Instagram,1,Returned
SHP-5525,2023-05-01,CUST-1228,Ava Thompson,United States,North America,PROD-502,Adjustable Quick-Lock Dumbbells,Fitness & Outdoors,1,199.0,0.0,199.0,0.0,Apple Pay,Email Campaign,4,Completed
SHP-5526,2023-05-02,CUST-1212,Benjamin Davis,Australia,Asia-Pacific,PROD-203,Tailored Technical Chino Pants,Apparel & Fashion,1,85.0,0.0,85.0,7.99,Shopify Pay,Facebook / Instagram,5,Completed
SHP-5527,2023-04-02,CUST-1199,William Hernandez,United States,North America,PROD-303,Japanese Chef Damascus Knife 8-in,Home & Kitchen,1,115.0,0.1,103.5,0.0,Klarna,Facebook / Instagram,5,Completed
SHP-5528,2023-01-31,CUST-1144,Grace Wilson,Canada,North America,PROD-201,Eco-Weave Oversized Cotton Hoodie,Apparel & Fashion,1,74.0,0.05,70.3,7.99,Credit Card,Organic Search,5,Completed
SHP-5529,2023-11-23,CUST-1088,Evelyn Ramirez,United Kingdom,Europe,PROD-502,Adjustable Quick-Lock Dumbbells,Fitness & Outdoors,4,199.0,0.15,676.6,0.0,Apple Pay,Organic Search,5,Completed
SHP-5530,2024-03-04,CUST-1237,Alexander Moore,United Kingdom,Europe,PROD-205,Polarized Acetate Sunglasses,Apparel & Fashion,1,62.0,0.0,62.0,4.99,Credit Card,Google Ads,5,Completed
SHP-5531,2023-10-21,CUST-1003,Matthew Brown,United Kingdom,Europe,PROD-305,Aromatherapy Ultrasonic Diffuser,Home & Kitchen,4,48.0,0.0,192.0,0.0,PayPal,Facebook / Instagram,2,Returned
SHP-5532,2024-02-13,CUST-1051,Hannah Moore,United Kingdom,Europe,PROD-401,Hydrating Botanical Face Serum,Beauty & Personal Care,1,38.0,0.0,38.0,4.99,Credit Card,Email Campaign,4,Completed
SHP-5533,2023-02-16,CUST-1009,Elijah Anderson,Canada,North America,PROD-402,Vitamin C Brightening Moisturizer,Beauty & Personal Care,1,44.0,0.0,44.0,7.99,PayPal,Direct,3,Returned
SHP-5534,2024-03-23,CUST-1208,Emma Lewis,United Kingdom,Europe,PROD-202,Merino Wool Everyday Crewneck,Apparel & Fashion,2,98.0,0.0,196.0,0.0,PayPal,Facebook / Instagram,,Completed
SHP-5535,2023-12-20,CUST-1017,Noah Robinson,United States,North America,PROD-301,Ceramic Pour-Over Coffee Brewer,Home & Kitchen,1,42.5,0.0,42.5,9.99,Apple Pay,Facebook / Instagram,5,Completed
SHP-5536,2024-01-12,CUST-1029,Elijah Garcia,United States,North America,PROD-403,Exfoliating Bamboo Body Polish,Beauty & Personal Care,3,29.5,0.1,79.65,4.99,Credit Card,Organic Search,4,Completed
SHP-5537,2023-10-14,CUST-1035,Sophia Robinson,Australia,Asia-Pacific,PROD-501,High-Density Non-Slip Yoga Mat,Fitness & Outdoors,2,55.0,0.0,110.0,0.0,Shopify Pay,TikTok Influencer,5,Completed
SHP-5538,2023-10-25,CUST-1108,Liam Jackson,United Kingdom,Europe,PROD-204,Minimalist Leather City Tote,Apparel & Fashion,1,145.0,0.15,123.25,0.0,Credit Card,Facebook / Instagram,2,Returned
SHP-5539,2023-09-14,CUST-1063,Hannah Clark,Germany,Europe,PROD-402,Vitamin C Brightening Moisturizer,Beauty & Personal Care,2,44.0,0.1,79.2,9.99,Credit Card,Direct,5,Completed
SHP-5540,2024-03-28,CUST-1034,Mia Gonzalez,United States,North America,PROD-203,Tailored Technical Chino Pants,Apparel & Fashion,2,85.0,0.05,161.5,0.0,Apple Pay,Organic Search,3,Completed
SHP-5541,2023-05-22,CUST-1058,Amelia Martin,United States,North America,PROD-201,Eco-Weave Oversized Cotton Hoodie,Apparel & Fashion,1,74.0,0.15,62.9,9.99,Shopify Pay,TikTok Influencer,5,Completed
SHP-5542,2023-08-31,CUST-1178,Charlotte Miller,United States,North America,PROD-305,Aromatherapy Ultrasonic Diffuser,Home & Kitchen,1,48.0,0.1,43.2,7.99,Shopify Pay,Organic Search,5,Completed
SHP-5543,2023-06-21,CUST-1211,Grace Taylor,United States,North America,PROD-502,Adjustable Quick-Lock Dumbbells,Fitness & Outdoors,1,199.0,0.1,179.1,0.0,Credit Card,Google Ads,4,Completed
SHP-5544,2023-06-05,CUST-1068,Ava Perez,United States,North America,PROD-301,Ceramic Pour-Over Coffee Brewer,Home & Kitchen,1,42.5,0.0,42.5,7.99,Shopify Pay,Google Ads,4,Completed
SHP-5545,2023-03-27,CUST-1083,Ava White,Australia,Asia-Pacific,PROD-501,High-Density Non-Slip Yoga Mat,Fitness & Outdoors,1,55.0,0.25,41.25,9.99,PayPal,Email Campaign,3,Completed
SHP-5546,2023-06-12,CUST-1065,Charlotte Williams,United States,North America,PROD-401,Hydrating Botanical Face Serum,Beauty & Personal Care,1,38.0,0.0,38.0,9.99,PayPal,Email Campaign,4,Completed
SHP-5547,2023-03-25,CUST-1155,Matthew Jones,Australia,Asia-Pacific,PROD-104,Pulse Smart Fitness Band,Electronics,3,69.99,0.0,209.97,0.0,Shopify Pay,Facebook / Instagram,3,Completed
SHP-5548,2024-01-14,CUST-1260,Isabella Harris,United States,North America,PROD-302,Stainless Insulated Thermal Bottle,Home & Kitchen,1,34.0,0.0,34.0,7.99,PayPal,TikTok Influencer,5,Completed
SHP-5549,2024-01-09,CUST-1227,Ava Davis,United States,North America,PROD-302,Stainless Insulated Thermal Bottle,Home & Kitchen,2,34.0,0.1,61.2,4.99,Credit Card,Organic Search,5,Completed
SHP-5550,2023-08-17,CUST-1183,Daniel Robinson,United States,North America,PROD-103,Apex Ultra-Slim 4K Webcam,Electronics,1,89.0,0.1,80.1,4.99,Shopify Pay,Facebook / Instagram,3,Completed
SHP-5551,2023-10-03,CUST-1229,Alexander Wilson,United States,North America,PROD-103,Apex Ultra-Slim 4K Webcam,Electronics,4,89.0,0.0,356.0,0.0,PayPal,Facebook / Instagram,,Completed
SHP-5552,2023-12-08,CUST-1076,Elijah Williams,United States,North America,PROD-305,Aromatherapy Ultrasonic Diffuser,Home & Kitchen,1,48.0,0.0,48.0,7.99,Shopify Pay,Google Ads,4,Completed
SHP-5553,2024-03-30,CUST-1228,Ava Thompson,United States,North America,PROD-305,Aromatherapy Ultrasonic Diffuser,Home & Kitchen,2,48.0,0.0,96.0,9.99,Credit Card,TikTok Influencer,5,Completed
SHP-5554,2023-02-14,CUST-1074,Ella Lopez,United States,North America,PROD-203,Tailored Technical Chino Pants,Apparel & Fashion,1,85.0,0.25,63.75,9.99,Shopify Pay,TikTok Influencer,3,Completed
SHP-5555,2023-07-29,CUST-1140,Ella Wilson,Germany,Europe,PROD-305,Aromatherapy Ultrasonic Diffuser,Home & Kitchen,1,48.0,0.05,45.6,9.99,Shopify Pay,Email Campaign,5,Completed
SHP-5556,2023-01-22,CUST-1155,Matthew Jones,Australia,Asia-Pacific,PROD-502,Adjustable Quick-Lock Dumbbells,Fitness & Outdoors,1,199.0,0.05,189.05,0.0,Shopify Pay,Facebook / Instagram,4,Returned
SHP-5557,2024-03-03,CUST-1242,Harper White,United States,North America,PROD-104,Pulse Smart Fitness Band,Electronics,1,69.99,0.15,59.49,7.99,Apple Pay,Organic Search,,Completed
SHP-5558,2024-01-27,CUST-1142,Ava Lee,France,Europe,PROD-402,Vitamin C Brightening Moisturizer,Beauty & Personal Care,4,44.0,0.0,176.0,0.0,Credit Card,Email Campaign,5,Completed
SHP-5559,2023-09-01,CUST-1062,Emma Brown,Australia,Asia-Pacific,PROD-303,Japanese Chef Damascus Knife 8-in,Home & Kitchen,1,115.0,0.05,109.25,0.0,Shopify Pay,Direct,3,Returned
SHP-5560,2023-03-11,CUST-1183,Daniel Robinson,United States,North America,PROD-202,Merino Wool Everyday Crewneck,Apparel & Fashion,1,98.0,0.0,98.0,9.99,Credit Card,Direct,5,Completed
SHP-5561,2023-09-21,CUST-1100,Oliver Wilson,Canada,North America,PROD-202,Merino Wool Everyday Crewneck,Apparel & Fashion,2,98.0,0.05,186.2,0.0,Credit Card,Organic Search,5,Completed
SHP-5562,2023-05-19,CUST-1186,Lucas Perez,United States,North America,PROD-104,Pulse Smart Fitness Band,Electronics,1,69.99,0.0,69.99,4.99,Credit Card,Organic Search,4,Completed
SHP-5563,2023-03-25,CUST-1053,Lucas Wilson,United States,North America,PROD-203,Tailored Technical Chino Pants,Apparel & Fashion,1,85.0,0.0,85.0,4.99,Credit Card,Email Campaign,5,Completed
SHP-5564,2023-12-31,CUST-1059,Henry Harris,United States,North America,PROD-305,Aromatherapy Ultrasonic Diffuser,Home & Kitchen,1,48.0,0.0,48.0,4.99,Credit Card,TikTok Influencer,5,Completed
SHP-5565,2024-03-31,CUST-1176,Mia Wilson,Canada,North America,PROD-202,Merino Wool Everyday Crewneck,Apparel & Fashion,2,98.0,0.0,196.0,0.0,Shopify Pay,Email Campaign,4,Completed
SHP-5566,2023-03-06,CUST-1108,Liam Jackson,United Kingdom,Europe,PROD-201,Eco-Weave Oversized Cotton Hoodie,Apparel & Fashion,4,74.0,0.0,296.0,0.0,Shopify Pay,Email Campaign,2,Returned
SHP-5567,2023-04-11,CUST-1056,Amelia Robinson,United States,North America,PROD-102,Nova Mechanical RGB Keyboard,Electronics,2,129.5,0.05,246.05,0.0,Shopify Pay,Organic Search,,Completed
SHP-5568,2023-12-08,CUST-1050,Daniel White,United States,North America,PROD-104,Pulse Smart Fitness Band,Electronics,3,69.99,0.0,209.97,0.0,Shopify Pay,Direct,5,Completed
SHP-5569,2023-05-23,CUST-1179,Grace Wilson,United States,North America,PROD-303,Japanese Chef Damascus Knife 8-in,Home & Kitchen,1,115.0,0.05,109.25,0.0,Shopify Pay,Email Campaign,5,Completed
SHP-5570,2023-01-08,CUST-1112,Liam Taylor,United States,North America,PROD-203,Tailored Technical Chino Pants,Apparel & Fashion,3,85.0,0.0,255.0,0.0,Shopify Pay,Email Campaign,5,Completed
SHP-5571,2024-03-11,CUST-1244,William Moore,United States,North America,PROD-303,Japanese Chef Damascus Knife 8-in,Home & Kitchen,2,115.0,0.0,230.0,0.0,Shopify Pay,Email Campaign,4,Completed
SHP-5572,2023-09-21,CUST-1117,Olivia Wilson,United Kingdom,Europe,PROD-305,Aromatherapy Ultrasonic Diffuser,Home & Kitchen,1,48.0,0.25,36.0,4.99,Credit Card,Facebook / Instagram,4,Completed
SHP-5573,2024-01-05,CUST-1021,Liam Perez,United States,North America,PROD-103,Apex Ultra-Slim 4K Webcam,Electronics,1,89.0,0.0,89.0,7.99,PayPal,Google Ads,4,Completed
SHP-5574,2023-07-28,CUST-1149,Liam Martinez,United States,North America,PROD-305,Aromatherapy Ultrasonic Diffuser,Home & Kitchen,1,48.0,0.0,48.0,7.99,Credit Card,TikTok Influencer,2,Returned
SHP-5575,2023-07-22,CUST-1225,Elijah Rodriguez,United States,North America,PROD-403,Exfoliating Bamboo Body Polish,Beauty & Personal Care,1,29.5,0.0,29.5,4.99,PayPal,Google Ads,5,Completed
SHP-5576,2023-03-28,CUST-1034,Mia Gonzalez,United States,North America,PROD-303,Japanese Chef Damascus Knife 8-in,Home & Kitchen,4,115.0,0.0,460.0,0.0,Klarna,Facebook / Instagram,5,Completed
SHP-5577,2023-05-23,CUST-1140,Ella Wilson,Germany,Europe,PROD-304,French Flax Linen Bedding Set,Home & Kitchen,1,185.0,0.1,166.5,0.0,Klarna,TikTok Influencer,4,Completed
SHP-5578,2023-03-04,CUST-1129,Zoe Moore,United Kingdom,Europe,PROD-402,Vitamin C Brightening Moisturizer,Beauty & Personal Care,1,44.0,0.1,39.6,4.99,PayPal,Organic Search,3,Completed
SHP-5579,2023-04-02,CUST-1196,Samuel Lewis,France,Europe,PROD-503,Waterproof Trail Running Pack,Fitness & Outdoors,1,78.0,0.0,78.0,9.99,PayPal,Facebook / Instagram,4,Completed
SHP-5580,2023-08-27,CUST-1104,Samuel Anderson,United States,North America,PROD-301,Ceramic Pour-Over Coffee Brewer,Home & Kitchen,1,42.5,0.05,40.38,7.99,Apple Pay,Facebook / Instagram,,Completed
SHP-5581,2024-01-27,CUST-1017,Noah Robinson,United States,North America,PROD-305,Aromatherapy Ultrasonic Diffuser,Home & Kitchen,2,48.0,0.0,96.0,7.99,Credit Card,Google Ads,,Completed
SHP-5582,2023-10-13,CUST-1156,Elijah Ramirez,United States,North America,PROD-202,Merino Wool Everyday Crewneck,Apparel & Fashion,1,98.0,0.0,98.0,9.99,PayPal,Google Ads,5,Completed
SHP-5583,2023-10-04,CUST-1241,Mia Perez,United Kingdom,Europe,PROD-402,Vitamin C Brightening Moisturizer,Beauty & Personal Care,1,44.0,0.0,44.0,4.99,Credit Card,Google Ads,4,Completed
SHP-5584,2023-05-26,CUST-1165,Joseph Anderson,United States,North America,PROD-102,Nova Mechanical RGB Keyboard,Electronics,1,129.5,0.0,129.5,0.0,Credit Card,Direct,,Completed
SHP-5585,2023-11-17,CUST-1050,Daniel White,United States,North America,PROD-305,Aromatherapy Ultrasonic Diffuser,Home & Kitchen,1,48.0,0.0,48.0,7.99,Shopify Pay,Organic Search,3,Completed
SHP-5586,2023-12-19,CUST-1157,Samuel Sanchez,United States,North America,PROD-104,Pulse Smart Fitness Band,Electronics,1,69.99,0.0,69.99,7.99,PayPal,Organic Search,4,Completed
SHP-5587,2023-01-11,CUST-1241,Mia Perez,United Kingdom,Europe,PROD-502,Adjustable Quick-Lock Dumbbells,Fitness & Outdoors,1,199.0,0.0,199.0,0.0,Credit Card,Facebook / Instagram,5,Completed
SHP-5588,2023-04-16,CUST-1173,Isabella Garcia,Canada,North America,PROD-402,Vitamin C Brightening Moisturizer,Beauty & Personal Care,1,44.0,0.1,39.6,7.99,Shopify Pay,Organic Search,5,Completed
SHP-5589,2024-02-08,CUST-1039,Isabella Jones,United States,North America,PROD-501,High-Density Non-Slip Yoga Mat,Fitness & Outdoors,1,55.0,0.0,55.0,7.99,Credit Card,TikTok Influencer,3,Completed
SHP-5590,2024-03-08,CUST-1049,Benjamin Ramirez,Australia,Asia-Pacific,PROD-502,Adjustable Quick-Lock Dumbbells,Fitness & Outdoors,1,199.0,0.0,199.0,0.0,Credit Card,Email Campaign,5,Completed
SHP-5591,2023-06-04,CUST-1259,Charlotte Miller,United States,North America,PROD-301,Ceramic Pour-Over Coffee Brewer,Home & Kitchen,1,42.5,0.05,40.38,4.99,Shopify Pay,Google Ads,5,Completed
SHP-5592,2024-03-27,CUST-1010,Samuel Ramirez,United States,North America,PROD-403,Exfoliating Bamboo Body Polish,Beauty & Personal Care,2,29.5,0.05,56.05,4.99,Apple Pay,Email Campaign,5,Completed
SHP-5593,2024-02-19,CUST-1223,James Lee,United States,North America,PROD-502,Adjustable Quick-Lock Dumbbells,Fitness & Outdoors,2,199.0,0.0,398.0,0.0,Credit Card,Organic Search,5,Completed
SHP-5594,2024-03-08,CUST-1223,James Lee,United States,North America,PROD-305,Aromatherapy Ultrasonic Diffuser,Home & Kitchen,1,48.0,0.15,40.8,4.99,Apple Pay,Facebook / Instagram,4,Completed
SHP-5595,2023-12-18,CUST-1208,Emma Lewis,United Kingdom,Europe,PROD-204,Minimalist Leather City Tote,Apparel & Fashion,1,145.0,0.0,145.0,0.0,Apple Pay,Google Ads,4,Completed
SHP-5596,2023-11-28,CUST-1104,Samuel Anderson,United States,North America,PROD-202,Merino Wool Everyday Crewneck,Apparel & Fashion,1,98.0,0.0,98.0,7.99,Shopify Pay,Facebook / Instagram,4,Completed
SHP-5597,2023-01-11,CUST-1029,Elijah Garcia,United States,North America,PROD-103,Apex Ultra-Slim 4K Webcam,Electronics,1,89.0,0.0,89.0,4.99,Credit Card,Direct,3,Completed
SHP-5598,2024-03-05,CUST-1072,Matthew Thompson,United States,North America,PROD-204,Minimalist Leather City Tote,Apparel & Fashion,1,145.0,0.1,130.5,0.0,Credit Card,TikTok Influencer,5,Completed
SHP-5599,2023-05-09,CUST-1255,Chloe Lee,United States,North America,PROD-103,Apex Ultra-Slim 4K Webcam,Electronics,1,89.0,0.0,89.0,7.99,Credit Card,Google Ads,4,Completed
SHP-5600,2023-08-05,CUST-1112,Liam Taylor,United States,North America,PROD-201,Eco-Weave Oversized Cotton Hoodie,Apparel & Fashion,1,74.0,0.0,74.0,7.99,Shopify Pay,Google Ads,4,Completed
SHP-5601,2023-02-27,CUST-1163,Harper Ramirez,United States,North America,PROD-501,High-Density Non-Slip Yoga Mat,Fitness & Outdoors,1,55.0,0.1,49.5,7.99,Klarna,Direct,5,Completed
SHP-5602,2023-01-11,CUST-1018,Benjamin Martinez,Germany,Europe,PROD-102,Nova Mechanical RGB Keyboard,Electronics,2,129.5,0.15,220.15,0.0,Credit Card,Organic Search,4,Completed
SHP-5603,2024-02-20,CUST-1063,Hannah Clark,Germany,Europe,PROD-501,High-Density Non-Slip Yoga Mat,Fitness & Outdoors,2,55.0,0.15,93.5,7.99,Klarna,Organic Search,4,Completed
SHP-5604,2024-02-26,CUST-1121,Ava Perez,United Kingdom,Europe,PROD-301,Ceramic Pour-Over Coffee Brewer,Home & Kitchen,1,42.5,0.15,36.12,7.99,Apple Pay,Facebook / Instagram,3,Completed
SHP-5605,2024-03-19,CUST-1042,Harper Lopez,United States,North America,PROD-402,Vitamin C Brightening Moisturizer,Beauty & Personal Care,1,44.0,0.0,44.0,7.99,Apple Pay,Email Campaign,5,Completed
SHP-5606,2023-09-17,CUST-1034,Mia Gonzalez,United States,North America,PROD-303,Japanese Chef Damascus Knife 8-in,Home & Kitchen,1,115.0,0.1,103.5,0.0,Credit Card,Facebook / Instagram,5,Completed
SHP-5607,2023-04-05,CUST-1228,Ava Thompson,United States,North America,PROD-201,Eco-Weave Oversized Cotton Hoodie,Apparel & Fashion,1,74.0,0.0,74.0,7.99,Shopify Pay,Google Ads,5,Completed
SHP-5608,2024-03-01,CUST-1067,Chloe Moore,United Kingdom,Europe,PROD-503,Waterproof Trail Running Pack,Fitness & Outdoors,2,78.0,0.15,132.6,0.0,Credit Card,Google Ads,5,Completed
SHP-5609,2024-02-28,CUST-1168,Harper Hernandez,United States,North America,PROD-301,Ceramic Pour-Over Coffee Brewer,Home & Kitchen,1,42.5,0.0,42.5,4.99,Credit Card,Google Ads,3,Completed
SHP-5610,2023-01-12,CUST-1118,Charlotte Taylor,United States,North America,PROD-103,Apex Ultra-Slim 4K Webcam,Electronics,4,89.0,0.0,356.0,0.0,Shopify Pay,Email Campaign,4,Completed
SHP-5611,2023-02-15,CUST-1189,Harper Perez,United Kingdom,Europe,PROD-202,Merino Wool Everyday Crewneck,Apparel & Fashion,3,98.0,0.0,294.0,0.0,Credit Card,Email Campaign,5,Completed
SHP-5612,2023-03-02,CUST-1115,Noah Lewis,Canada,North America,PROD-203,Tailored Technical Chino Pants,Apparel & Fashion,1,85.0,0.15,72.25,7.99,Credit Card,Google Ads,5,Completed
SHP-5613,2024-02-26,CUST-1145,Noah Williams,Australia,Asia-Pacific,PROD-203,Tailored Technical Chino Pants,Apparel & Fashion,1,85.0,0.0,85.0,4.99,Klarna,Organic Search,4,Completed
SHP-5614,2023-10-26,CUST-1235,Henry Martinez,United Kingdom,Europe,PROD-103,Apex Ultra-Slim 4K Webcam,Electronics,1,89.0,0.0,89.0,7.99,Credit Card,TikTok Influencer,4,Completed
SHP-5615,2023-11-02,CUST-1049,Benjamin Ramirez,Australia,Asia-Pacific,PROD-501,High-Density Non-Slip Yoga Mat,Fitness & Outdoors,1,55.0,0.0,55.0,4.99,Credit Card,Facebook / Instagram,5,Completed
SHP-5616,2023-12-30,CUST-1024,Evelyn Lee,Germany,Europe,PROD-101,Aura Noise-Canceling Headphones,Electronics,1,179.99,0.1,161.99,0.0,Credit Card,Google Ads,5,Completed
SHP-5617,2023-10-25,CUST-1092,Elijah Miller,United States,North America,PROD-205,Polarized Acetate Sunglasses,Apparel & Fashion,1,62.0,0.05,58.9,7.99,Shopify Pay,Direct,4,Completed
SHP-5618,2023-03-01,CUST-1161,Matthew Sanchez,United States,North America,PROD-102,Nova Mechanical RGB Keyboard,Electronics,4,129.5,0.05,492.1,0.0,Shopify Pay,TikTok Influencer,5,Completed
SHP-5619,2023-05-15,CUST-1136,Sophia Thompson,United States,North America,PROD-403,Exfoliating Bamboo Body Polish,Beauty & Personal Care,1,29.5,0.15,25.07,7.99,Credit Card,Email Campaign,5,Completed
SHP-5620,2023-11-22,CUST-1028,Ella Garcia,Canada,North America,PROD-203,Tailored Technical Chino Pants,Apparel & Fashion,1,85.0,0.0,85.0,4.99,Shopify Pay,Facebook / Instagram,5,Completed
SHP-5621,2023-09-11,CUST-1021,Liam Perez,United States,North America,PROD-401,Hydrating Botanical Face Serum,Beauty & Personal Care,1,38.0,0.1,34.2,7.99,Shopify Pay,Google Ads,4,Completed
SHP-5622,2023-04-15,CUST-1146,Grace Lewis,United States,North America,PROD-202,Merino Wool Everyday Crewneck,Apparel & Fashion,2,98.0,0.1,176.4,0.0,Credit Card,Direct,5,Completed
SHP-5623,2023-01-03,CUST-1093,Evelyn Jones,United States,North America,PROD-305,Aromatherapy Ultrasonic Diffuser,Home & Kitchen,3,48.0,0.0,144.0,0.0,Shopify Pay,Facebook / Instagram,5,Completed
SHP-5624,2023-03-04,CUST-1202,Emma Johnson,United States,North America,PROD-303,Japanese Chef Damascus Knife 8-in,Home & Kitchen,1,115.0,0.2,92.0,7.99,Shopify Pay,Organic Search,4,Completed
SHP-5625,2023-05-18,CUST-1003,Matthew Brown,United Kingdom,Europe,PROD-302,Stainless Insulated Thermal Bottle,Home & Kitchen,3,34.0,0.1,91.8,7.99,PayPal,Google Ads,5,Completed
SHP-5626,2023-04-19,CUST-1025,Oliver Lopez,United States,North America,PROD-301,Ceramic Pour-Over Coffee Brewer,Home & Kitchen,1,42.5,0.0,42.5,4.99,PayPal,Facebook / Instagram,4,Completed
SHP-5627,2024-01-30,CUST-1205,Ella Jackson,United States,North America,PROD-103,Apex Ultra-Slim 4K Webcam,Electronics,1,89.0,0.0,89.0,7.99,Shopify Pay,Email Campaign,4,Completed
SHP-5628,2023-09-09,CUST-1222,Isabella Harris,United Kingdom,Europe,PROD-301,Ceramic Pour-Over Coffee Brewer,Home & Kitchen,3,42.5,0.1,114.75,0.0,Shopify Pay,Google Ads,4,Completed
SHP-5629,2023-07-18,CUST-1244,William Moore,United States,North America,PROD-205,Polarized Acetate Sunglasses,Apparel & Fashion,1,62.0,0.0,62.0,7.99,PayPal,Email Campaign,3,Completed
SHP-5630,2023-06-24,CUST-1238,Benjamin Sanchez,Canada,North America,PROD-204,Minimalist Leather City Tote,Apparel & Fashion,1,145.0,0.1,130.5,0.0,Credit Card,TikTok Influencer,4,Completed
SHP-5631,2023-02-10,CUST-1245,Harper Jackson,Canada,North America,PROD-301,Ceramic Pour-Over Coffee Brewer,Home & Kitchen,1,42.5,0.0,42.5,7.99,Credit Card,Direct,,Completed
SHP-5632,2023-02-09,CUST-1024,Evelyn Lee,Germany,Europe,PROD-403,Exfoliating Bamboo Body Polish,Beauty & Personal Care,1,29.5,0.0,29.5,4.99,PayPal,Facebook / Instagram,5,Completed
SHP-5633,2024-01-29,CUST-1258,Ava Thomas,United Kingdom,Europe,PROD-101,Aura Noise-Canceling Headphones,Electronics,1,179.99,0.1,161.99,0.0,Shopify Pay,Organic Search,5,Completed
SHP-5634,2023-06-02,CUST-1161,Matthew Sanchez,United States,North America,PROD-502,Adjustable Quick-Lock Dumbbells,Fitness & Outdoors,2,199.0,0.1,358.2,0.0,Apple Pay,Google Ads,5,Completed
SHP-5635,2023-04-19,CUST-1095,Joseph Williams,United States,North America,PROD-103,Apex Ultra-Slim 4K Webcam,Electronics,2,89.0,0.1,160.2,0.0,Shopify Pay,Direct,,Completed
SHP-5636,2023-03-01,CUST-1007,Emma Moore,United States,North America,PROD-202,Merino Wool Everyday Crewneck,Apparel & Fashion,1,98.0,0.05,93.1,7.99,Klarna,Direct,5,Completed
SHP-5637,2023-11-12,CUST-1203,James Martin,Germany,Europe,PROD-301,Ceramic Pour-Over Coffee Brewer,Home & Kitchen,1,42.5,0.0,42.5,4.99,Shopify Pay,Organic Search,4,Completed
SHP-5638,2023-11-29,CUST-1124,William Jackson,France,Europe,PROD-305,Aromatherapy Ultrasonic Diffuser,Home & Kitchen,2,48.0,0.15,81.6,9.99,Shopify Pay,Organic Search,3,Completed
SHP-5639,2023-03-27,CUST-1079,Ella Johnson,United States,North America,PROD-401,Hydrating Botanical Face Serum,Beauty & Personal Care,3,38.0,0.05,108.3,0.0,Credit Card,Direct,5,Completed
SHP-5640,2023-01-27,CUST-1171,Zoe Moore,United States,North America,PROD-101,Aura Noise-Canceling Headphones,Electronics,1,179.99,0.15,152.99,0.0,Credit Card,Google Ads,5,Completed
SHP-5641,2023-05-29,CUST-1019,William Lewis,Germany,Europe,PROD-402,Vitamin C Brightening Moisturizer,Beauty & Personal Care,1,44.0,0.05,41.8,9.99,PayPal,Facebook / Instagram,5,Completed
SHP-5642,2023-09-28,CUST-1010,Samuel Ramirez,United States,North America,PROD-305,Aromatherapy Ultrasonic Diffuser,Home & Kitchen,1,48.0,0.05,45.6,7.99,Credit Card,Direct,5,Completed
SHP-5643,2023-06-27,CUST-1230,Evelyn Wilson,United States,North America,PROD-305,Aromatherapy Ultrasonic Diffuser,Home & Kitchen,1,48.0,0.0,48.0,4.99,Credit Card,Facebook / Instagram,5,Completed
SHP-5644,2023-11-05,CUST-1240,Alexander Thomas,United States,North America,PROD-201,Eco-Weave Oversized Cotton Hoodie,Apparel & Fashion,2,74.0,0.1,133.2,0.0,Credit Card,Google Ads,4,Completed
SHP-5645,2023-08-30,CUST-1083,Ava White,Australia,Asia-Pacific,PROD-503,Waterproof Trail Running Pack,Fitness & Outdoors,1,78.0,0.1,70.2,4.99,Shopify Pay,Email Campaign,3,Completed
SHP-5646,2023-08-01,CUST-1253,Matthew Moore,United States,North America,PROD-301,Ceramic Pour-Over Coffee Brewer,Home & Kitchen,1,42.5,0.05,40.38,4.99,Shopify Pay,Google Ads,5,Completed
SHP-5647,2023-09-15,CUST-1017,Noah Robinson,United States,North America,PROD-103,Apex Ultra-Slim 4K Webcam,Electronics,1,89.0,0.0,89.0,4.99,Shopify Pay,Organic Search,4,Completed
SHP-5648,2023-01-24,CUST-1137,Daniel Lee,Germany,Europe,PROD-201,Eco-Weave Oversized Cotton Hoodie,Apparel & Fashion,2,74.0,0.15,125.8,0.0,Shopify Pay,Facebook / Instagram,3,Returned
SHP-5649,2024-03-06,CUST-1057,Ella Martinez,Germany,Europe,PROD-104,Pulse Smart Fitness Band,Electronics,2,69.99,0.1,125.98,0.0,Shopify Pay,Direct,4,Completed
SHP-5650,2023-03-02,CUST-1106,Benjamin Perez,United Kingdom,Europe,PROD-303,Japanese Chef Damascus Knife 8-in,Home & Kitchen,1,115.0,0.0,115.0,0.0,Credit Card,Google Ads,5,Completed
SHP-5651,2023-06-21,CUST-1071,Sophia Robinson,Canada,North America,PROD-104,Pulse Smart Fitness Band,Electronics,2,69.99,0.0,139.98,0.0,PayPal,Google Ads,4,Completed
SHP-5652,2023-09-16,CUST-1088,Evelyn Ramirez,United Kingdom,Europe,PROD-103,Apex Ultra-Slim 4K Webcam,Electronics,1,89.0,0.1,80.1,7.99,PayPal,Google Ads,4,Completed
SHP-5653,2023-04-27,CUST-1071,Sophia Robinson,Canada,North America,PROD-305,Aromatherapy Ultrasonic Diffuser,Home & Kitchen,1,48.0,0.0,48.0,7.99,Credit Card,TikTok Influencer,4,Completed
SHP-5654,2024-01-30,CUST-1006,Sophia Davis,Canada,North America,PROD-403,Exfoliating Bamboo Body Polish,Beauty & Personal Care,3,29.5,0.0,88.5,7.99,PayPal,Google Ads,3,Completed
SHP-5655,2023-11-25,CUST-1030,Isabella Robinson,Canada,North America,PROD-403,Exfoliating Bamboo Body Polish,Beauty & Personal Care,4,29.5,0.0,118.0,0.0,PayPal,Direct,4,Completed
SHP-5656,2023-06-26,CUST-1005,Alexander Johnson,United States,North America,PROD-205,Polarized Acetate Sunglasses,Apparel & Fashion,3,62.0,0.1,167.4,0.0,Credit Card,Organic Search,5,Completed
SHP-5657,2023-11-13,CUST-1177,Amelia Brown,United States,North America,PROD-304,French Flax Linen Bedding Set,Home & Kitchen,2,185.0,0.15,314.5,0.0,Credit Card,Organic Search,5,Completed
SHP-5658,2023-09-24,CUST-1146,Grace Lewis,United States,North America,PROD-203,Tailored Technical Chino Pants,Apparel & Fashion,1,85.0,0.05,80.75,9.99,PayPal,Google Ads,2,Returned
SHP-5659,2023-05-13,CUST-1124,William Jackson,France,Europe,PROD-301,Ceramic Pour-Over Coffee Brewer,Home & Kitchen,2,42.5,0.25,63.75,4.99,Apple Pay,Email Campaign,4,Completed
SHP-5660,2024-01-23,CUST-1064,Elijah Johnson,United States,North America,PROD-401,Hydrating Botanical Face Serum,Beauty & Personal Care,1,38.0,0.1,34.2,7.99,Shopify Pay,Google Ads,5,Completed
SHP-5661,2023-11-18,CUST-1120,Mia Davis,United States,North America,PROD-303,Japanese Chef Damascus Knife 8-in,Home & Kitchen,1,115.0,0.1,103.5,0.0,Credit Card,Email Campaign,5,Completed
SHP-5662,2023-02-23,CUST-1168,Harper Hernandez,United States,North America,PROD-403,Exfoliating Bamboo Body Polish,Beauty & Personal Care,1,29.5,0.15,25.07,7.99,Shopify Pay,Google Ads,3,Completed
SHP-5663,2023-08-06,CUST-1067,Chloe Moore,United Kingdom,Europe,PROD-402,Vitamin C Brightening Moisturizer,Beauty & Personal Care,1,44.0,0.0,44.0,9.99,Credit Card,Facebook / Instagram,4,Completed
SHP-5664,2023-09-13,CUST-1217,Zoe White,Australia,Asia-Pacific,PROD-401,Hydrating Botanical Face Serum,Beauty & Personal Care,2,38.0,0.2,60.8,9.99,Apple Pay,TikTok Influencer,5,Completed
SHP-5665,2023-03-08,CUST-1061,Emma Martin,United States,North America,PROD-203,Tailored Technical Chino Pants,Apparel & Fashion,1,85.0,0.0,85.0,4.99,Credit Card,TikTok Influencer,4,Completed
SHP-5666,2023-03-03,CUST-1190,Oliver Martin,Canada,North America,PROD-502,Adjustable Quick-Lock Dumbbells,Fitness & Outdoors,1,199.0,0.05,189.05,0.0,Shopify Pay,Organic Search,3,Completed
SHP-5667,2023-03-15,CUST-1073,Lucas Gonzalez,France,Europe,PROD-502,Adjustable Quick-Lock Dumbbells,Fitness & Outdoors,1,199.0,0.2,159.2,0.0,Shopify Pay,Google Ads,3,Completed
SHP-5668,2023-10-08,CUST-1179,Grace Wilson,United States,North America,PROD-103,Apex Ultra-Slim 4K Webcam,Electronics,2,89.0,0.0,178.0,0.0,Credit Card,Facebook / Instagram,4,Completed
SHP-5669,2024-01-04,CUST-1068,Ava Perez,United States,North America,PROD-201,Eco-Weave Oversized Cotton Hoodie,Apparel & Fashion,1,74.0,0.05,70.3,7.99,Shopify Pay,Email Campaign,5,Completed
SHP-5670,2023-11-16,CUST-1120,Mia Davis,United States,North America,PROD-304,French Flax Linen Bedding Set,Home & Kitchen,1,185.0,0.0,185.0,0.0,Credit Card,Email Campaign,4,Completed
SHP-5671,2023-01-13,CUST-1159,Joseph Hernandez,Germany,Europe,PROD-501,High-Density Non-Slip Yoga Mat,Fitness & Outdoors,1,55.0,0.1,49.5,4.99,PayPal,Organic Search,,Completed
SHP-5672,2023-10-19,CUST-1097,Liam Lee,France,Europe,PROD-402,Vitamin C Brightening Moisturizer,Beauty & Personal Care,1,44.0,0.0,44.0,9.99,Shopify Pay,TikTok Influencer,1,Returned
SHP-5673,2023-12-28,CUST-1228,Ava Thompson,United States,North America,PROD-103,Apex Ultra-Slim 4K Webcam,Electronics,2,89.0,0.1,160.2,0.0,Shopify Pay,Google Ads,,Completed
SHP-5674,2023-08-12,CUST-1093,Evelyn Jones,United States,North America,PROD-305,Aromatherapy Ultrasonic Diffuser,Home & Kitchen,1,48.0,0.05,45.6,7.99,Shopify Pay,Google Ads,4,Completed
SHP-5675,2023-05-11,CUST-1046,Daniel Wilson,Canada,North America,PROD-201,Eco-Weave Oversized Cotton Hoodie,Apparel & Fashion,1,74.0,0.0,74.0,4.99,Klarna,Organic Search,4,Completed
SHP-5676,2023-02-20,CUST-1164,James Davis,United States,North America,PROD-201,Eco-Weave Oversized Cotton Hoodie,Apparel & Fashion,1,74.0,0.0,74.0,7.99,Apple Pay,TikTok Influencer,2,Returned
SHP-5677,2023-05-02,CUST-1253,Matthew Moore,United States,North America,PROD-403,Exfoliating Bamboo Body Polish,Beauty & Personal Care,2,29.5,0.0,59.0,4.99,Shopify Pay,Google Ads,,Completed
SHP-5678,2023-01-15,CUST-1209,Chloe Lewis,United States,North America,PROD-204,Minimalist Leather City Tote,Apparel & Fashion,3,145.0,0.0,435.0,0.0,Credit Card,Facebook / Instagram,2,Returned
SHP-5679,2023-03-06,CUST-1156,Elijah Ramirez,United States,North America,PROD-502,Adjustable Quick-Lock Dumbbells,Fitness & Outdoors,1,199.0,0.0,199.0,0.0,Shopify Pay,Facebook / Instagram,5,Completed
SHP-5680,2024-02-05,CUST-1126,Isabella Jones,Australia,Asia-Pacific,PROD-501,High-Density Non-Slip Yoga Mat,Fitness & Outdoors,3,55.0,0.2,132.0,0.0,Shopify Pay,Facebook / Instagram,5,Completed
SHP-5681,2023-12-01,CUST-1001,Ella Brown,United States,North America,PROD-102,Nova Mechanical RGB Keyboard,Electronics,3,129.5,0.05,369.07,0.0,Apple Pay,Facebook / Instagram,5,Completed
SHP-5682,2023-10-27,CUST-1145,Noah Williams,Australia,Asia-Pacific,PROD-102,Nova Mechanical RGB Keyboard,Electronics,1,129.5,0.05,123.02,0.0,Shopify Pay,Organic Search,5,Completed
SHP-5683,2023-05-24,CUST-1222,Isabella Harris,United Kingdom,Europe,PROD-203,Tailored Technical Chino Pants,Apparel & Fashion,1,85.0,0.2,68.0,7.99,Klarna,Direct,5,Completed
SHP-5684,2023-05-20,CUST-1126,Isabella Jones,Australia,Asia-Pacific,PROD-302,Stainless Insulated Thermal Bottle,Home & Kitchen,1,34.0,0.05,32.3,9.99,Apple Pay,Google Ads,5,Completed
SHP-5685,2023-01-03,CUST-1005,Alexander Johnson,United States,North America,PROD-202,Merino Wool Everyday Crewneck,Apparel & Fashion,1,98.0,0.15,83.3,9.99,Credit Card,Facebook / Instagram,2,Returned
SHP-5686,2023-10-03,CUST-1016,Liam White,United States,North America,PROD-401,Hydrating Botanical Face Serum,Beauty & Personal Care,1,38.0,0.0,38.0,7.99,Credit Card,Direct,5,Completed
SHP-5687,2023-01-05,CUST-1064,Elijah Johnson,United States,North America,PROD-401,Hydrating Botanical Face Serum,Beauty & Personal Care,1,38.0,0.0,38.0,4.99,Shopify Pay,Organic Search,4,Completed
SHP-5688,2023-02-16,CUST-1156,Elijah Ramirez,United States,North America,PROD-204,Minimalist Leather City Tote,Apparel & Fashion,1,145.0,0.05,137.75,0.0,Shopify Pay,Google Ads,4,Completed
SHP-5689,2023-04-11,CUST-1203,James Martin,Germany,Europe,PROD-104,Pulse Smart Fitness Band,Electronics,2,69.99,0.05,132.98,0.0,Credit Card,Facebook / Instagram,5,Completed
SHP-5690,2023-10-17,CUST-1090,Noah Johnson,United States,North America,PROD-103,Apex Ultra-Slim 4K Webcam,Electronics,1,89.0,0.1,80.1,4.99,Credit Card,Google Ads,5,Completed
SHP-5691,2023-04-09,CUST-1012,Mia Rodriguez,United States,North America,PROD-501,High-Density Non-Slip Yoga Mat,Fitness & Outdoors,1,55.0,0.1,49.5,7.99,Credit Card,Organic Search,5,Completed
SHP-5692,2023-06-15,CUST-1222,Isabella Harris,United Kingdom,Europe,PROD-305,Aromatherapy Ultrasonic Diffuser,Home & Kitchen,1,48.0,0.1,43.2,7.99,Credit Card,Facebook / Instagram,1,Returned
SHP-5693,2023-08-04,CUST-1230,Evelyn Wilson,United States,North America,PROD-302,Stainless Insulated Thermal Bottle,Home & Kitchen,1,34.0,0.0,34.0,4.99,Apple Pay,Direct,5,Completed
SHP-5694,2023-02-08,CUST-1128,Henry Martinez,United States,North America,PROD-203,Tailored Technical Chino Pants,Apparel & Fashion,1,85.0,0.0,85.0,9.99,Shopify Pay,Facebook / Instagram,,Completed
SHP-5695,2024-02-13,CUST-1172,Emma Brown,Australia,Asia-Pacific,PROD-205,Polarized Acetate Sunglasses,Apparel & Fashion,1,62.0,0.05,58.9,7.99,Apple Pay,Direct,3,Completed
SHP-5696,2023-11-04,CUST-1049,Benjamin Ramirez,Australia,Asia-Pacific,PROD-401,Hydrating Botanical Face Serum,Beauty & Personal Care,1,38.0,0.0,38.0,4.99,Credit Card,Direct,5,Completed
SHP-5697,2023-02-01,CUST-1227,Ava Davis,United States,North America,PROD-102,Nova Mechanical RGB Keyboard,Electronics,1,129.5,0.1,116.55,0.0,PayPal,Organic Search,4,Completed
SHP-5698,2023-02-19,CUST-1211,Grace Taylor,United States,North America,PROD-204,Minimalist Leather City Tote,Apparel & Fashion,2,145.0,0.15,246.5,0.0,Credit Card,Facebook / Instagram,5,Completed
SHP-5699,2023-02-21,CUST-1174,Isabella Johnson,United States,North America,PROD-101,Aura Noise-Canceling Headphones,Electronics,1,179.99,0.0,179.99,0.0,Shopify Pay,Organic Search,,Completed
SHP-5700,2024-02-09,CUST-1100,Oliver Wilson,Canada,North America,PROD-502,Adjustable Quick-Lock Dumbbells,Fitness & Outdoors,1,199.0,0.05,189.05,0.0,Credit Card,Google Ads,4,Completed
SHP-5701,2023-01-23,CUST-1031,Benjamin Davis,United Kingdom,Europe,PROD-201,Eco-Weave Oversized Cotton Hoodie,Apparel & Fashion,1,74.0,0.0,74.0,9.99,Shopify Pay,Email Campaign,4,Completed
SHP-5702,2023-06-08,CUST-1176,Mia Wilson,Canada,North America,PROD-301,Ceramic Pour-Over Coffee Brewer,Home & Kitchen,1,42.5,0.0,42.5,9.99,Shopify Pay,Facebook / Instagram,5,Completed
SHP-5703,2023-01-28,CUST-1217,Zoe White,Australia,Asia-Pacific,PROD-303,Japanese Chef Damascus Knife 8-in,Home & Kitchen,1,115.0,0.0,115.0,0.0,Apple Pay,Direct,5,Completed
SHP-5704,2023-08-28,CUST-1170,Ella Taylor,United States,North America,PROD-502,Adjustable Quick-Lock Dumbbells,Fitness & Outdoors,1,199.0,0.0,199.0,0.0,Credit Card,Google Ads,5,Completed
SHP-5705,2023-09-11,CUST-1113,Oliver Williams,Canada,North America,PROD-101,Aura Noise-Canceling Headphones,Electronics,1,179.99,0.1,161.99,0.0,Shopify Pay,Facebook / Instagram,5,Completed
SHP-5706,2024-02-18,CUST-1193,Samuel Jackson,Canada,North America,PROD-203,Tailored Technical Chino Pants,Apparel & Fashion,1,85.0,0.15,72.25,4.99,Shopify Pay,Google Ads,1,Returned
SHP-5707,2023-04-10,CUST-1185,Matthew Lewis,United States,North America,PROD-102,Nova Mechanical RGB Keyboard,Electronics,4,129.5,0.0,518.0,0.0,Shopify Pay,Google Ads,5,Completed
SHP-5708,2023-05-06,CUST-1092,Elijah Miller,United States,North America,PROD-203,Tailored Technical Chino Pants,Apparel & Fashion,1,85.0,0.15,72.25,4.99,PayPal,Organic Search,3,Completed
SHP-5709,2023-04-18,CUST-1157,Samuel Sanchez,United States,North America,PROD-401,Hydrating Botanical Face Serum,Beauty & Personal Care,1,38.0,0.15,32.3,9.99,Credit Card,Organic Search,4,Completed
SHP-5710,2023-12-31,CUST-1074,Ella Lopez,United States,North America,PROD-201,Eco-Weave Oversized Cotton Hoodie,Apparel & Fashion,2,74.0,0.0,148.0,0.0,Credit Card,Google Ads,4,Completed
SHP-5711,2023-01-24,CUST-1097,Liam Lee,France,Europe,PROD-501,High-Density Non-Slip Yoga Mat,Fitness & Outdoors,1,55.0,0.0,55.0,4.99,Apple Pay,Organic Search,5,Completed
SHP-5712,2024-03-29,CUST-1251,Chloe Clark,United States,North America,PROD-203,Tailored Technical Chino Pants,Apparel & Fashion,2,85.0,0.15,144.5,0.0,PayPal,Email Campaign,5,Completed
SHP-5713,2024-01-20,CUST-1192,Lucas Martinez,United States,North America,PROD-402,Vitamin C Brightening Moisturizer,Beauty & Personal Care,1,44.0,0.0,44.0,9.99,PayPal,Google Ads,4,Completed
SHP-5714,2023-07-25,CUST-1019,William Lewis,Germany,Europe,PROD-203,Tailored Technical Chino Pants,Apparel & Fashion,1,85.0,0.0,85.0,4.99,Shopify Pay,Google Ads,5,Completed
SHP-5715,2023-07-11,CUST-1131,Emma Perez,Germany,Europe,PROD-501,High-Density Non-Slip Yoga Mat,Fitness & Outdoors,1,55.0,0.1,49.5,7.99,Credit Card,Google Ads,5,Completed
SHP-5716,2023-08-07,CUST-1231,Zoe Wilson,United States,North America,PROD-401,Hydrating Botanical Face Serum,Beauty & Personal Care,1,38.0,0.0,38.0,7.99,Credit Card,Google Ads,5,Completed
SHP-5717,2023-07-03,CUST-1043,Ava Taylor,Canada,North America,PROD-301,Ceramic Pour-Over Coffee Brewer,Home & Kitchen,2,42.5,0.05,80.75,9.99,Shopify Pay,Organic Search,4,Completed
SHP-5718,2023-10-07,CUST-1103,Harper Rodriguez,Australia,Asia-Pacific,PROD-302,Stainless Insulated Thermal Bottle,Home & Kitchen,1,34.0,0.0,34.0,7.99,PayPal,Email Campaign,5,Completed
SHP-5719,2023-03-12,CUST-1134,Hannah Brown,United Kingdom,Europe,PROD-101,Aura Noise-Canceling Headphones,Electronics,2,179.99,0.0,359.98,0.0,Klarna,Google Ads,5,Completed
SHP-5720,2023-01-07,CUST-1242,Harper White,United States,North America,PROD-403,Exfoliating Bamboo Body Polish,Beauty & Personal Care,4,29.5,0.2,94.4,7.99,PayPal,Organic Search,5,Completed
SHP-5011,2023-06-01,CUST-1117,Olivia Wilson,United Kingdom,Europe,PROD-303,Japanese Chef Damascus Knife 8-in,Home & Kitchen,1,115.0,0.0,115.0,0.0,Shopify Pay,Facebook / Instagram,5,Completed
SHP-5043,2024-02-27,CUST-1247,Ava Ramirez,United States,North America,PROD-301,Ceramic Pour-Over Coffee Brewer,Home & Kitchen,2,42.5,0.0,85.0,4.99,Shopify Pay,Facebook / Instagram,5,Completed
